49,"GMO Internet, Inc. d/b/a Onamae.com",1073639
48,"eNom, LLC",717429
146,"GoDaddy.com, LLC",617087
303,PDR Ltd. d/b/a PublicDomainRegistry.com,243648
9,"Register.com, Inc.",145894
471,"Bizcn.com, Inc.",95251
1110,FBS Inc.,82442
625,"Name.com, Inc.",80372
440,"Wild West Domains, LLC",68560
228,Moniker Online Services LLC,68502
814,Internet.bs Corp.,62535
420,HiChina Zhicheng Technology Limited,58724
1557,"Netowl, Inc.",57300
69,Tucows Domains Inc.,55556
1331,"eName Technology Co., Ltd.",45878
886,"Domain.com, LLC",38608
2,"Network Solutions, LLC",36811
1495,BigRock Solutions Ltd.,35634
120,Xin Net Technology Corporation,35106
472,"Dynadot, LLC",31954
1479,"NameSilo, LLC",28965
269,Key-Systems GmbH,23797
1556,"Chengdu West Dimension Digital Technology Co., Ltd.",19667
83,1&1 Internet SE,18846
1659,Uniregistrar Corp,18839
633,Beijing Innovative Linkage Technology Ltd. dba dns.com.cn,16697
13,Melbourne IT Ltd,16014
291,"DNC Holdings, Inc.",15950
82,"OnlineNIC, Inc.",15869
955,Launchpad.com Inc.,14238
1469,Jiangsu Bangning Science & technology Co. Ltd.,13120
1387,1API GmbH,12718
1470,"Shanghai Yovole Networks, Inc.",12588
1465,"Hangzhou AiMing Network Co., Ltd.",12441
1111,"DomainContext, Inc.",12195
1555,"22net, Inc.",11629
953,Nanjing Imperiosus Technology Co. Ltd.,11475
411,Fabulous.com Pty Ltd,11336
1621,"Shanghai Meicheng Technology Information Development Co., Ltd.",11202
2487,Internet Domain Service BS Corp,10755
433,OVH sas,10466
1418,Danesco Trading Ltd.,9980
1316,"35 Technology Co., Ltd.",9795
1390,Mesh Digital Limited,9329
460,Web Commerce Communications Limited dba WebNic.cc,9064
1564,TLD Registrar Solutions Ltd.,8713
1154,FastDomain Inc.,8419
292,MarkMonitor Inc.,8386
1857,Alpnames Limited,7604
1326,"Webair Internet Development, Inc.",7484
697,"Todaynic.com, Inc.",7164
1068,"NameCheap, Inc.",7126
1011,101domain GRS Limited,7087
1436,Center of Ukrainian Internet Names (UKRNAMES),6967
1291,Crazy Domains FZ-LLC,6908
113,CSL Computer Service Langenbach GmbH d/b/a joker.com,6509
1563,"Foshan YiDong Network Co., LTD",6482
1525,"Guangdong JinWanBang Technology Investment Co., Ltd.",6385
1915,West263 International Limited,6098
941,"Dynamic Dolphin, Inc.",5870
151,"PSI-USA, Inc. dba Domain Robot",5579
1449,"URL Solutions, Inc.",5111
1606,Registrar of Domain Names REG.RU LLC,4928
81,Gandi SAS,4769
1090,"Active Registrar, Inc.",4555
1619,GuangDong NaiSiNiKe Information Technology Co Ltd.,4359
1441,"TurnCommerce, Inc. DBA NameBright.com",4295
617,"Epik, Inc.",4264
1636,"Hostinger, UAB",4083
1868,Eranet International Limited,4074
1250,"OwnRegistrar, Inc.",4047
1454,Nics Telekomnikasyon Tic Ltd. ti.,4039
1655,"Xiamen Nawang Technology Co., Ltd",4021
1443,Vautron Rechenzentrum AG,4006
839,Realtime Register B.V.,4002
1091,"IHS Telekom, Inc.",3842
466,"DomainSite, Inc.",3765
700001,asia registry r6-asia (700001),3613
1005,NetEarth One Inc. d/b/a NetEarth,3521
1505,"Gransy, s.r.o. d/b/a subreg.cz",3364
1478,CV. Jogjacamp,3330
1376,Instra Corporation Pty Ltd.,3308
143,"Omnis Network, LLC",3255
1366,"Xiamen ChinaSource Internet Service Co., Ltd",3211
1007,Net 4 India Limited,3006
1362,Regtime Ltd.,3005
940,Above.com Pty Ltd.,2936
772,"MyManager, Inc.",2801
84,UK-2 Limited,2604
1367,Paknic (Private) Limited,2553
609,NameKing.com Inc.,2502
463,"Regional Network Information Center, JSC dba RU-CENTER",2467
1587,Mijn InternetOplossing B.V.,2307
1004,Netlynx Inc.,2187
106,"Ascio Technologies, Inc. Danmark - Filial af Ascio technologies, Inc. USA",2132
1503,PT Ardh Global Indonesia,2014
9996,asia registry r6-asia (9996),1975
299,"CSC Corporate Domains, Inc.",1923
1605,"Chengdu Fly-Digital Technology Co., Ltd.",1876
787,"GoName-TN.com, Inc.",1815
1586,MAT BAO CORPORATION,1806
1741,Shinjiru Technology Sdn Bhd,1679
447,SafeNames Ltd.,1645
1371,AB Name ISP,1629
168,REGISTER.IT SPA,1497
1647,Hosting Concepts B.V. d/b/a Openprovider,1488
740,"GoName-HI.com, Inc.",1454
760,"Intersolved-TX.com, Inc.",1369
431,"DreamHost, LLC",1340
722,"GoName-FL.com, Inc.",1320
244,"Gabia, Inc.",1250
766,"Intersolved-TN.com, Inc.",1228
687,"GoName-WA.com, Inc.",1219
1489,"Megazone Corp., dba HOSTING.KR",1172
1153,"Go France Domains, LLC",1123
1152,"Go Montenegro Domains, LLC",1112
1248,"GoName-TX.com, Inc.",1110
819,Reg2C.com Inc.,1103
1151,"Go Australia Domains, LLC",1076
997,"NamePal.com, LLC",1063
1150,"Go Canada Domains, LLC",1060
1426,JSC Registrar R01,1049
1247,"Intersolved-FL.com, Inc.",1035
820,ELB Group Inc,1034
747,Intersolved-WA.com Inc.,1034
1515,123-Reg Limited,1019
1149,"Go China Domains, LLC",1016
1600,"Tecnocrtica Centro de Datos, S.L.",1009
141,Cronon AG,982
74,Online SAS,952
86,TierraNet Inc. d/b/a DomainDiscover,947
93,"GKG.NET, INC.",938
320,TLDS L.L.C. d/b/a SRSPlus,934
1654,Ourdomains Limited,924
1389,Universo Online S/A (UOL),852
378,2030138 Ontario Inc. dba NamesBeyond.com and dba GoodLuckDomain.com,847
1408,united-domains AG,830
379,"Arsys Internet, S.L. dba NICLINE.COM",826
600,Rebel Ltd,824
895,Google Inc.,799
1132,Dotname Korea Corp.,799
818,"Interdominios, Inc.",770
817,MAFF Inc.,768
880,"Domainclub.com, LLC",758
1628,ZNet Technologies Pvt Ltd.,721
1675,CV. Rumahweb Indonesia,698
1114,Media Elite Holdings Limited,676
1328,RegistryGate GmbH,670
1534,Aerotek Bilisim Sanayi ve Ticaret AS,635
1261,ABSYSTEMS INC dba yournamemonkey.com,632
1540,Domainwards.com LLC,622
1475,April Sea Information Technology Company Limited,619
1052,EuroDNS S.A.,601
88,Namebay SAM,598
1483,Neubox Internet S.A. de C.V.,580
1388,Dattatec.com SRL,577
123,"The Registry at Info Avenue, LLC d/b/a Spirit Communications",562
1472,LiquidNet Ltd.,550
1569,DomainHood LLC,543
1632,"Century Oriental International Co., Ltd.",540
65,"DomainPeople, Inc.",514
1073,"DropLabel.com, Inc.",513
890,IP Mirror Pte Ltd dba IP MIRROR,506
1568,DomainFalcon LLC,506
418,CommuniGal Communication Ltd.,498
85,EPAG Domainservices GmbH,492
1660,"Domainshype.com, Inc.",484
925,"Everyones Internet, Ltd. dba SoftLayer",474
1429,Hebei Guoji Maoyi (Shanghai) LTD dba HebeiDomains.com,472
1718,Dynadot6 LLC,471
1040,"Oracle America, Inc.",465
700000,asia registry r2-asia (700000),460
1649,P.A. Viet Nam Company Limited,458
1112,"Internet Invest, Ltd. dba Imena.ua",447
1086,"Marcaria.com International, Inc.",432
470,Nom-iq Ltd. dba COM LAUDE,432
602,LCN.COM Ltd.,422
1516,Guangzhou Ehost Tech. Co. Ltd.,411
1452,Interweb Advertising D.B.A. Profile Builder,409
1558,SiliconHouse.Net Pvt Ltd.,407
1734,"Shenzhen HuLianXianFeng Technology Co.,LTD",393
1529,DomainLocal LLC,380
412,"Domain-It!, Inc.",380
1742,"Zhengzhou Zitian Network Technology Co., Ltd.",379
996,"DomainAdministration.com, LLC",362
1463,"Global Domains International, Inc. DBA DomainCostClub.com",359
1653,Dynadot5 LLC,352
1651,Dynadot3 LLC,345
1025,NamePal.com #8013,345
1383,"Soluciones Corporativas IP, SL",341
664,Web4Africa Inc.,340
976,http.net Internet GmbH,339
612,"Blue Razor Domains, LLC",338
52,"Deluxe Small Business Sales, Inc. d/b/a Aplus.net",338
1337,Web Werks India Pvt. Ltd d/b/a ZenRegistry.com,337
1719,Dynadot7 LLC,335
1652,Dynadot4 LLC,332
1027,NamePal.com #8015,321
776,Zhuimi Inc,316
777,Paimi Inc,315
1518,"Shanghai Best Oray Information S&T Co., Ltd.",315
781,NamePal.com #8007,314
682,NamePal.com #8008,313
719,NamePal.com #8001,311
816,"0101 Internet, Inc.",305
1031,NamePal.com #8018,304
734,NamePal.com #8004,304
1022,NamePal.com #8010,302
1029,NamePal.com #8017,301
1024,NamePal.com #8012,301
1601,Atak Domain Hosting Internet ve Bilgi Teknolojileri Limited Sirketi d/b/a Atak Teknoloji,298
1028,NamePal.com #8016,297
1412,"China Springboard, Inc.",296
1026,NamePal.com #8014,289
780,NamePal.com #8006,289
743,NamePal.com #8002,288
2486,Ednit Software Private Limited,285
1666,OpenTLD B.V.,284
1023,NamePal.com #8011,276
1077,"DropWalk.com, Inc.",275
1075,"DropSave.com, Inc.",261
1071,"DropHub.com, Inc.",260
788,Name.cc Inc,260
748,NamePal.com #8023,260
763,NamePal.com #8025,259
30,NameSecure L.L.C.,255
888,"Pheenix, Inc.",255
247,Active 24 AS,254
1618,DomainTact LLC,253
771,NamePal.com #8026,253
785,NamePal.com #8009,253
782,NamePal.com #8021,253
100,"Whois Networks Co., Ltd.",252
444,"Inames Co., Ltd.",252
792,NamePal.com #8019,251
1397,HooYoo Information Technology Co. Ltd.,249
762,NamePal.com #8024,248
1456,NetArt Sp z o.o,247
1078,"DropWeek.com, Inc.",243
900,TPP Wholesale Pty Ltd,242
1072,DropJump.com Inc.,241
790,Premierename.ca Inc.,240
140,"Acens Technologies, S.L.U.",236
1069,"DropExtra.com, Inc.",234
1533,Good Domain Registry Pvt Ltd.,233
1070,DropFall.com Inc.,232
1597,GreenZoneDomains Inc.,231
1538,NameTell.com LLC,229
469,easyDNS Technologies Inc.,227
53,"A Technology Company, Inc.",226
1535,TheNameCo LLC,224
2502,Online Data Services Joint Stock Company,222
1612,DomainCritics LLC,221
938,Sibername Internet and Software Technologies Inc.,217
1244,"Intersolved-HI.com, Inc.",215
1466,Lexsynergy Limited,214
778,Agrinoon Inc,214
1596,BraveNames Inc.,213
1643,NorthNames Inc.,212
1006,"Az.pl, Inc.",210
1355,Snappyregistrar.com LLC,210
1595,DanCue Inc.,207
1519,NETIM SARL,204
1539,Nameling.com LLC,202
1616,NameTurn LLC,201
1541,DomainPrime.com LLC,199
1432,Alpine Domains Inc.,198
1221,Namefinger.com LLC,198
1537,NameJolt.com LLC,196
1186,DomainSails.net LLC,192
1378,Hosteur SARL,188
677,NetRegistry Pty Ltd.,188
1242,"Ignitela, LLC",188
1341,Hawthornedomains.com LLC,188
131,Total Web Solutions Limited trading as TotalRegistrations,187
1192,Domainsoftheworld.net LLC,186
79,Easyspace Limited,186
826,"Name.net, Inc.",182
1644,SouthNames Inc.,182
1203,EUNameFlood.com LLC,181
186,NameScout Corp.,179
1642,EmpireStateDomains Inc.,178
1420,INWX GmbH & Co. KG,178
1594,Anessia Inc.,176
1572,GlamDomains LLC,176
1208,Flancrestdomains.com LLC,176
1171,Deschutesdomains.com LLC,175
1194,Domainsouffle.com LLC,173
1243,"yenkos, LLC",171
1206,EurotrashNames.com LLC,169
1185,Domainroyale.com LLC,169
1197,DomainSprouts.com LLC,168
1578,TradeNamed LLC,168
1579,ProNamed LLC,166
1417,"Guangzhou Ming Yang Information Technology Co., Ltd",165
1349,Santiamdomains.com LLC,164
1574,DotNamed LLC,164
15,"COREhub, S.R.L.",163
1580,NameBrew LLC,162
1895,Namespro Solutions Inc.,162
1200,Domaintimemachine.com LLC,161
1571,WorthyDomains LLC,161
1524,Networking4all B.V.,161
1352,GateKeeperDomains.net LLC,161
1230,PortlandNames.com LLC,160
1191,Domainsoftheday.net LLC,159
1710,Nhan Hoa Software Company Ltd.,159
1576,DomainDelights LLC,159
1509,"Cosmotown, Inc.",157
1570,DomainExtreme LLC,157
1262,Dinahosting s.l.,155
1211,Godomaingo.com LLC,155
1577,NameForward LLC,155
1566,NameSector LLC,154
1085,"Click Registrar, Inc. d/b/a publicdomainregistry.com",154
1161,Baronofdomains.com LLC,152
1181,Domaininthehole.com LLC,151
1160,Atomicdomainnames.com LLC,146
1226,OregonEU.com LLC,145
1615,VisualNames LLC,145
1162,Beartrapdomains.com LLC,144
1575,ZoomRegistrar LLC,144
1573,NameStrategies LLC,144
1159,Allearthdomains.com LLC,142
1391,"Azdomainz, LLC",141
1567,NameSay LLC,141
1611,DomainGetter LLC,141
1158,Adomainofyourown.com LLC,140
1163,Belmontdomains.com LLC,138
2374,Hosting Ukraine LLC,138
57,"Advanced Internet Technologies, Inc. (AIT)",137
1001,Domeneshop AS dba domainnameshop.com,137
1527,DOMAIN NAME NETWORK PTY LTD,137
468,"Amazon Registrar, Inc.",137
1610,NamesHere LLC,137
1164,Betterthanaveragedomains.com LLC,135
1403,"10dencehispahard, S.L.",135
1167,Allworldnames.com LLC,134
1658,Rethem Hosting LLC,134
1336,"Net-Chinese Co., Ltd.",133
1739,"Hangzhou Dianshang Internet Technology Co., LTD.",131
607,Annulet LLC,130
1157,AtlanticFriendNames.com LLC,129
1165,Biglizarddomains.com LLC,128
1912,Vodien Internet Solutions Pte Ltd,128
830,"IPNIC, Inc.",128
1608,Beijing Tong Guan Xin Tian Technology Ltd (Novaltel),127
965,Domain Central Australia Pty Ltd.,127
1613,AccentDomains LLC,123
1560,Genious Communications SARL/AU,123
735,Rebel.ca Corp.,121
1720,Dynadot8 LLC,120
1411,DomainName Highway LLC,119
604,In2net Network Inc.,119
1866,Dynadot11 LLC,117
898,Alantron Bilisim Ltd Sti.,116
828,Hetzner Online GmbH,114
1617,PresidentialDomains LLC,111
1364,Kheweul.com SA,111
240,PlanetDomain Pty Ltd,109
1019,"Threadagent.com, Inc.",109
1749,Upperlink Limited,108
76,Nominalia Internet S.L.,107
1614,DomainAhead LLC,106
1865,Dynadot10 LLC,106
1424,"Wingu Networks, S.A. de C.V.",102
1900,"DomainName Bridge, Inc.",102
1864,Dynadot9 LLC,100
945,Udamain.com LLC,99
1590,"ChinaNet Technology (SuZhou) CO., LTD",99
1080,Locaweb Servicos de Internet S/A dba Locaweb,98
1485,"Japan Registry Services Co., Ltd.",97
636,"BRANDON GRAY INTERNET SERVICES INC. (dba ""NameJuice.com)",95
1392,"Azprivatez, LLC",93
913,PocketDomain.com Inc.,93
1705,"Network Information Center Mexico, S.C.",93
1899,"CyanDomains, Inc.",92
1902,"HazelDomains, Inc.",90
467,NHN Techorus Corp.,90
91,"007Names, Inc.",89
1898,BR domain Inc. dba namegear.co,89
1633,NamePal.com #8027,87
1473,"Jungbonet Co., Ltd",87
2485,"EIMS (Shenzhen) Culture & Technology Co., Ltd",87
1903,"KQW, Inc.",85
1423,Uber Australia E1 Pty Ltd,85
99,"pair Networks, Inc.d/b/a pairNIC",84
1907,"DomainName Path, Inc.",83
653,NamePal.com #8028,82
1870,"DOMAINNAME BLVD, INC.",82
452,"Name105, Inc.",82
1448,Blacknight Internet Solutions Ltd.,79
1685,EchoDomain LLC,79
1873,"MAFF AVENUE, INC.",79
1702,"Alexander the Great, LLC",78
1704,"Julius Caesar, LLC",77
1863,DotMedia Limited,75
978,"! #1 Host Israel, Inc.",73
1327,"Vitalwerks Internet Solutions, LLC DBA No-IP",72
931,UdomainName.com LLC,71
1581,Binero AB,70
637,Dot Holding Inc.,70
1905,"Xiamen Domains, Inc.",69
401,"Misk.com, Inc.",68
1703,"Cyrus the Great, LLC",67
837,"Freeparking Domain Registrars, Inc.",67
1860,Paragon Internet Group Ltd t/a Paragon Names,66
1630,Ligne Web Services SARL dba LWS,65
844,Minds and Machines Registrar UK Limited,64
10007,Domain The Net Technologies Ltd.,64
1871,"DOMAINNAME FWY, INC.",64
1178,Domainhawks.net LLC,64
1501,DotRoll Kft.,63
1867,Dynadot12 LLC,62
1342,Namevolcano.com LLC,62
68,NordNet SA,62
695,"!#No1Registrar, LLC",61
1562,Badger Inc.,61
1692,RegistrarDirect LLC`,61
1210,FrontStreetDomains.com LLC,60
1381,AFRIREGISTER S.A.,60
970,"! #1 Host China, Inc.",59
1340,"Arctic Names, Inc.",59
1082,"Register4Less, Inc.",59
1169,Columbianames.com LLC,59
1688,NameBake LLC,58
1373,"DotArai Co., Ltd.",58
1447,"World Biz Domains, LLC",57
1487,IndiaLinks Web Hosting Pvt Ltd.,57
947,FindYouAName.com LLC,57
1921,"Fujian Domains, Inc.",57
1020,"Threadwalker.com, Inc.",56
1919,"DomainName Driveway, Inc.",56
1021,"Threadwatch.com, Inc.",56
1687,LiteDomains LLC,55
1231,Protondomains.com LLC,55
1175,Domaincapitan.com LLC,55
1904,"Xiamen Dianmei Network Technology Co., Ltd.",55
1229,PearlNamingService.com LLC,54
1234,WillametteNames.com LLC,54
1180,Domaininthebasket.com LLC,54
1224,OldTownDomains.com LLC,54
1177,Domaingazelle.com LLC,54
1872,"FLAPPY DOMAIN, INC.",54
1241,"Alfena, LLC",54
968,"! #1 Host Germany, Inc.",54
1693,TotallyDomain LLC,54
1198,Domainstreetdirect.com LLC,54
1218,Namearsenal.com LLC,54
130,"Netpia.com, Inc.",53
1172,Domainamania.com LLC,53
932,FindUAName.com LLC,53
1176,Domaincomesaround.com LLC,53
1680,ComfyDomains LLC,53
1199,Domainsurgeon.com LLC,53
1343,Namesalacarte.com LLC,52
1214,Heavydomains.net LLC,52
1190,Domainsofcourse.com LLC,52
1183,DomainParkBlock.com LLC,51
1166,BullRunDomains.com LLC,51
1359,Lakeodomains.com LLC,51
934,GoServeYourDomain.com LLC,51
1350,Sammamishdomains.com LLC,51
971,"! #1 Host Canada, Inc.",51
1698,"GoName.com, Inc",50
980,"! #1 Host Japan, Inc.",50
1187,Domainsalsa.com LLC,50
1351,Rainydaydomains.com LLC,50
1212,Gozerdomains.com LLC,49
1216,Interlakenames.com LLC,49
321,"Registration Technologies, Inc.",49
946,FindYouADomain.com LLC,49
1677,AcquiredNames LLC,49
1347,Silverbackdomains.com LLC,49
1184,Domainraker.net LLC,48
1170,Compuglobalhypermega.com LLC,48
1233,ThirdFloorDNS.com LLC,48
1727,Papaki Ltd,48
1679,BlockHost LLC,48
1223,Octopusdomains.net LLC,48
1464,NameWeb BVBA,48
1228,PDXPrivateNames.com LLC,47
1344,Namepanther.com LLC,47
1684,DomainPicking LLC,47
1690,NoticedDomains LLC,47
1672,"PacificDomains, LLC",47
1195,Domainsoverboard.com LLC,47
1668,"EastEndDomains, LLC",46
1189,Domainsinthebag.com LLC,46
455,"EnCirca, Inc.",46
1669,"InlandDomains, LLC",46
1227,OregonURLs.com LLC,45
1232,Skykomishdomains.com LLC,45
933,YouDamain.com LLC,45
1215,Imminentdomains.net LLC,45
1348,Savethename.com LLC,45
1193,Domainsofvalue.com LLC,45
1182,Domainjungle.net LLC,45
1922,"Guangzhou Domains, Inc.",45
1201,Domainyeti.com LLC,44
952,SaveMoreNames.com Inc.,44
1207,EUTurbo.com LLC,44
1353,Soyouwantadomain.com LLC,44
1356,Mvpdomainnames.com LLC,44
981,"! #1 Host Korea, Inc.",44
944,IServeYourDomain.com LLC,44
1682,DomainCreek LLC,44
1204,EunamesOregon.com LLC,44
1225,OldWorldAliases.com LLC,43
1678,BlastDomains LLC,43
1213,Gradeadomainnames.com LLC,43
1220,Nameemperor.com LLC,43
1173,Domainarmada.com LLC,43
1357,Microbreweddomains.com LLC,43
1179,Domainhysteria.com LLC,43
1222,NotSoFamousNames.com LLC,43
1168,Burnsidedomains.com LLC,43
1609,Synergy Wholesale Pty Ltd,42
1671,"MidWestDomains, LLC",42
1358,Masterofmydomains.net LLC,42
1235,ZigZagNames.com LLC,42
1205,EuropeanConnectiononline.com LLC,42
1354,Snoqulamiedomains.com LLC,41
450,"DomainName, Inc.",41
1196,Domainsovereigns.com LLC,41
1691,ReclaimDomains LLC,40
1188,Domainsareforever.net LLC,40
1360,Klaatudomains.com LLC,40
1219,Namecroc.com LLC,40
1030,"Threadwise.com, Inc.",40
1670,"AtlanticDomains, LLC",39
1217,Mypreciousdomain.com LLC,39
967,"! #1 Host Australia, Inc.",38
1686,InsaneNames LLC,38
1249,DotAlliance Inc.,38
1491,"Koreacenter.com co., Ltd.",38
836,"Bottle Domains, Inc.",38
1681,DomainCraze LLC,37
1676,Net Logistics Pty Ltd.,37
474,"Firstserver, Inc.",37
437,SiteName Ltd.,36
456,Webnames.ca Inc.,36
648,Webagentur.at Internet Services GmbH d/b/a domainname.at,35
134,BB-Online UK Limited,35
1498,NetBulk NV,35
1476,World4You Internet Services GmbH,35
1683,DomainLadder LLC,35
1695,AvidDomain LLC,35
1209,Freshbreweddomains.com LLC,35
1346,Sitefrenzy.com LLC,35
1097,"Nettica Domains, Inc.",34
1202,DuckBilledDomains.com LLC,34
464,"Name 2 Host, Inc. dba name2host.com",34
632,"Asadal, Inc.",34
1290,SafeBrands SAS,34
1697,"DNSPod, Inc.",33
1500,Tirupati Domains and Hosting Pvt Ltd.,33
960,"WebZero, Inc.",32
1542,Korea Server Hosting Inc.,32
1694,WhatIsYourDomain LLC,32
73,Ports Group AB,31
1375,Register.ca Inc.,30
249,Mps Infotecnics Limited,30
618,Enetica Pty Ltd,30
1334,"#1 Internet Services International, Inc. dba 1ISI",30
1386,Premium Registrations Sweden AB,29
1460,Server Plan Srl,29
731,Domus Enterprises LLC dba DOMUS,29
1689,NameChild LLC,29
744,Crazy8Domains.com Inc.,29
1607,CCI REG S.A.,29
441,"HANILNETWORKS Co., Ltd.",29
725,"NameStream.com, Inc.",29
87,"HANGANG Systems, Inc. dba Doregi.com",28
1239,CPS-Datensysteme GmbH,28
1588,"Beijing Sanfront Information Technology Co., Ltd",28
1745,LogicBoxes Naming Services Ltd,28
1318,"Kaunas University of Technology, Department of Information Technologies dba Domreg.lt",27
1335,"Volusion, Inc.",27
958,"Virtual Registrar, Inc.",26
2281,VentraIP Australia Pty Ltd,26
1551,"Name107, Inc.",26
1018,"Backslap Domains, Inc.",26
901,AirNames.com Inc.,25
1496,"Name121, Inc.",25
1477,"Name108, Inc.",24
1554,"DomainSnap, LLC",24
634,NetTuner Corp. dba Webmasters.com,24
1240,Digirati Informatica Servicos e Telecomunicacoes LTDA dba Hostnet.com,23
1884,"Hannibal Barca, LLC",23
1622,Swedish Domains AB,23
973,"Haveaname, LLC",22
1893,"William the Conqueror, LLC",22
893,NetraCorp LLC dba Global Internet,21
1645,Diamatrix C.C.,21
1878,"Charlemagne 888, LLC",21
1877,"Attila the Hun, LLC",21
975,"Topsystem, LLC",21
1467,Register NV dba Register.eu,20
1512,"Name112, Inc.",20
2906,Protocol Internet Technology Limited T/A Hosting Ireland,20
1887,"Napoleon Bonaparte, LLC",20
1885,"Isoroku Yamamoto, LLC",20
1511,"Name113, Inc.",19
1890,"Sun Tzu 888, LLC",19
1880,"Dwight D. Eisenhower, LLC",19
974,"Netestate, LLC",19
1484,Infocom Network Ltd.,19
1920,"DomainName Parkway, Inc.",19
1531,Automattic Inc.,19
1003,"Ekados, Inc., d/b/a groundregistry.com",19
1118,"Crystal Coal, Inc.",18
638,Nordreg AB,18
1879,"Douglas MacArthur, LLC",18
1901,Tname Group Inc.,18
1891,"Ulysses S. Grant, LLC",18
972,TPP Domains Pty Ltd. dba TPP Internet,18
1886,"Karl Von Clausewitz, LLC",18
601,French Connexion SARL dba Domaine.fr,17
1084,"AsiaRegister, Inc.",17
1882,"George S. Patton, LLC",17
1514,"Name111, Inc.",16
1380,Oi Internet S/A,16
620,"Fiducia LLC, Latvijas Parstavnieciba",16
1474,WIXI Incorporated,15
226,Deutsche Telekom AG,15
951,Humeia Corporation,15
1255,MISTERNIC LLC,15
1583,Web Drive Ltd.,15
626,NeoNIC OY,15
1017,"Black Ice Domains, Inc.",15
840,Nicco Ltd.,15
1548,"Name119, Inc.",15
1881,"Genghis Khan, LLC",14
603,Inic GmbH,14
449,"Korea Information Certificate Authority, Inc. dba DomainCA.com",14
627,Name Trance LLC,14
1544,"Name114, Inc.",14
696,"Entorno Digital, S.A.",14
889,"Domainclip Domains, Inc.",14
1428,Homestead Limited dba Namevault.com,14
927,Nomer Registro de Dominio e Hospedagem de sites Ltda DBA Nomer.com.br,14
112,Catalog.com,14
887,"Netdorm, Inc. dba DnsExit.com",14
1480,The Registrar Company B.V.,13
1550,"Name109, Inc.",13
424,Internetters Limited,13
1513,"Name104, Inc.",13
1547,"Name117, Inc.",13
1883,"George Washington 888, LLC",13
1442,Internet Networks S.A. De C.V.,13
1545,"Name115, Inc.",12
1888,"Robert E. Lee 888, LLC",12
1549,"Name120, Inc.",12
1923,"Beijing Lanhai Jiye Technology Co.,Ltd",12
1889,"Scipio Africanus, LLC",12
1546,"Name116, Inc.",12
841,Tiger Technologies LLC,12
1369,Discount Domains Ltd.,12
1502,Gabia C&S,12
1405,Internet NAYANA Inc.,12
78,"PSI-Japan, Inc.",12
1471,Astutium Limited,11
1510,"Name118, Inc.",11
1911,NUXIT,11
1543,"Name110, Inc.",11
669,ResellerSRS Inc dba ResellerSRS.com,11
64,"Domain Registration Services, Inc. dba dotEarth.com",11
1254,NEUDOMAIN LLC,11
1591,"Promo People, Inc.",11
1715,"DevilDogDomains.com, LLC",10
1845,DropCatch.com 434 LLC,10
2247,"Sliceofheaven Domains, LLC",10
615,"Vivid Domains, Inc.",10
1517,HOAPDI INC.,10
665,iRegistry Corp.,10
1834,DropCatch.com 423 LLC,10
693,IPXcess.com Sdn Bhd,10
1257,Variomedia AG dba puredomain.com,10
1631,"Fujian Litian Network Technology Co.,Ltd",9
2231,"CloudNineDomain, LLC",9
2493,"Cloud City, LLC",9
1252,OPENNAME LLC,9
2344,"EZ Times Domains, LLC",9
2158,DropCatch.com 678 LLC,9
2207,DropCatch.com 727 LLC,9
1430,Purenic Japan Inc.,9
1892,"Vo Nguyen Giap, LLC",9
1263,"enom371, Incorporated",9
1856,DropCatch.com 445 LLC,9
381,DomReg Ltd. d/b/a LIBRIS.COM,9
2228,"Bonzai Domains, LLC",9
1861,Porkbun LLC,9
2274,"Sugar Cube Domains, LLC",8
1875,Intracom Middle East FZE,8
2190,DropCatch.com 710 LLC,8
1802,DropCatch.com 391 LLC,8
985,"Own Identity, Inc.",8
1253,NICREG LLC,8
2267,"Ripcord Domains, LLC",8
1532,"KINX Co., Ltd.",8
1013,"eNom1013, Inc.",8
2153,DropCatch.com 673 LLC,8
2260,"Hang Ten Domains, LLC",8
1099,"Domain Band, Inc.",8
2017,DropCatch.com 537 LLC,8
2265,"Pararescuedomains.com, LLC",8
2240,"Nameselite, LLC",8
2347,"House of Domains, LLC",8
1404,"Web Site Source, Inc.",8
1256,INSTANTNAMES LLC,8
1848,DropCatch.com 437 LLC,8
1620,EJEE Group Holdings Limited,8
2476,PlanetHoster Inc.,8
2118,DropCatch.com 638 LLC,8
128,DomainRegistry.com Inc.,8
2336,"Domain Esta Aqui, LLC",8
448,"Universal Registration Services, Inc. dba NewDentity.com",8
1045,"Enom GMP Services, Inc.",8
1757,DropCatch.com 346 LLC,8
1768,DropCatch.com 357 LLC,7
639,"Sipence, Inc.",7
2010,DropCatch.com 530 LLC,7
1790,DropCatch.com 379 LLC,7
103,PacNames Ltd,7
751,"SicherRegister, Incorporated",7
2255,"Easy Street Domains, LLC",7
2219,DropCatch.com 739 LLC,7
2174,DropCatch.com 694 LLC,7
1942,DropCatch.com 462 LLC,7
2227,"Big Dipper Domains, LLC",7
2141,DropCatch.com 661 LLC,7
655,"eNom655, Inc.",7
755,Name Nelly Corporation,7
2495,"Cloud Orchid, LLC",7
1116,"Domerati, Inc.",7
1855,DropCatch.com 444 LLC,7
2168,DropCatch.com 688 LLC,7
2246,"Shining Star Domains, LLC",7
2143,DropCatch.com 663 LLC,7
2806,All Domains LLC,7
2237,"Lionshare Domains, LLC",7
1764,DropCatch.com 353 LLC,7
1773,DropCatch.com 362 LLC,7
2234,"DomaintoOrder, LLC",7
2226,"Aquarius Domains, LLC",7
2262,"Line Drive Domains, LLC",7
2138,DropCatch.com 658 LLC,7
2027,DropCatch.com 547 LLC,7
899,Naugus Limited LLC,7
2103,DropCatch.com 623 LLC,7
1552,"Name106, Inc.",7
1416,Minds and Machines LLC,7
2252,"Cool Breeze Domains, LLC",7
2229,"ChocolateChipDomains, LLC",7
1805,DropCatch.com 394 LLC,7
2245,"Pipeline Domains, LLC",6
1823,DropCatch.com 412 LLC,6
635,"eNom635, Inc.",6
2212,DropCatch.com 732 LLC,6
14,ORANGE SA,6
1854,DropCatch.com 443 LLC,6
1840,DropCatch.com 429 LLC,6
1105,"Unpower, Inc.",6
1820,DropCatch.com 409 LLC,6
2077,DropCatch.com 597 LLC,6
699,Internet Internal Affairs Corporation,6
1307,"enom423, Incorporated",6
2104,DropCatch.com 624 LLC,6
629,Domainz Limited,6
2350,"Old Tyme Domains, LLC",6
1130,"Ever Ready Names, Inc.",6
2109,DropCatch.com 629 LLC,6
2254,"Domain Name Root, LLC",6
2032,DropCatch.com 552 LLC,6
1394,"Names In Motion, Inc.",6
700,"Blisternet, Incorporated",6
2120,DropCatch.com 640 LLC,6
939,"Desert Devil, Inc.",6
1287,"enom449, Incorporated",6
2202,DropCatch.com 722 LLC,6
2338,"Domain Locale, LLC",6
2125,DropCatch.com 645 LLC,6
1954,DropCatch.com 474 LLC,6
1774,DropCatch.com 363 LLC,6
2041,DropCatch.com 561 LLC,6
2039,DropCatch.com 559 LLC,6
2349,"Moon Shot Domains, LLC",6
1835,DropCatch.com 424 LLC,6
2098,DropCatch.com 618 LLC,6
276,"Globedom Datenkommunikations GmbH, d/b/a Globedom",6
1759,DropCatch.com 348 LLC,6
1829,DropCatch.com 418 LLC,6
2230,"CloudBreakDomains, LLC",6
2249,"White Alligator Domains, LLC",6
1125,"Name Perfections, Inc.",6
2194,DropCatch.com 714 LLC,6
2348,"Lemon Shark Domains, LLC",6
1777,DropCatch.com 366 LLC,6
1967,DropCatch.com 487 LLC,6
2199,DropCatch.com 719 LLC,6
2256,"Entrust Domains, LLC",6
1983,DropCatch.com 503 LLC,6
1407,SW Hosting & Communications Technologies SL dba Serveisweb,6
277,"Interlink Co., Ltd.",6
911,BrandNames.com SARL,6
2151,DropCatch.com 671 LLC,6
2243,"Noteworthydomains, LLC",6
2264,"Major League Domains, LLC",6
866,"Domainhostingweb, LLC",6
1815,DropCatch.com 404 LLC,6
1796,DropCatch.com 385 LLC,6
2351,"Rally Cry Domains, LLC",6
1798,DropCatch.com 387 LLC,6
2031,DropCatch.com 551 LLC,6
1582,"Tecnologia, Desarrollo Y Mercado S. de R.L. de C.V.",6
2271,"Soldierofonedomains.com, LLC",6
2178,DropCatch.com 698 LLC,6
1825,DropCatch.com 414 LLC,6
1281,"enom431, Incorporated",5
2239,"Magnate Domains, LLC",5
2170,DropCatch.com 690 LLC,5
1046,"eNom World, Inc.",5
2353,"V12 Domains, LLC",5
2886,Sterling Domains LLC,5
2253,"Domain Name Origin, LLC",5
698,"Dagnabit, Incorporated",5
1847,DropCatch.com 436 LLC,5
2061,DropCatch.com 581 LLC,5
1059,"EnomToo, Inc.",5
1818,DropCatch.com 407 LLC,5
2071,DropCatch.com 591 LLC,5
809,Ledl.net GmbH,5
2037,DropCatch.com 557 LLC,5
2343,"Ethos Domains, LLC",5
654,"eNom654, Inc.",5
2107,DropCatch.com 627 LLC,5
1812,DropCatch.com 401 LLC,5
903,"AsiaDomains, Incorporated",5
1929,DropCatch.com 449 LLC,5
2177,DropCatch.com 697 LLC,5
2124,DropCatch.com 644 LLC,5
1832,DropCatch.com 421 LLC,5
2853,Goto Domains LLC,5
2114,DropCatch.com 634 LLC,5
1973,DropCatch.com 493 LLC,5
1841,DropCatch.com 430 LLC,5
2345,"Free Dive Domains, LLC",5
1947,DropCatch.com 467 LLC,5
2137,DropCatch.com 657 LLC,5
2850,Gold Domain Names LLC,5
1833,DropCatch.com 422 LLC,5
2261,"Leatherneckdomains.com, LLC",5
270,"Address Creation, LLC",5
2019,DropCatch.com 539 LLC,5
1979,DropCatch.com 499 LLC,5
2131,DropCatch.com 651 LLC,5
1776,DropCatch.com 365 LLC,5
606,"Namezero, LLC",5
1044,"Enom Corporate, Inc.",5
652,"eNom652, Inc.",5
2244,"Painted Pony Names, LLC",5
2214,DropCatch.com 734 LLC,5
2042,DropCatch.com 562 LLC,5
2093,DropCatch.com 613 LLC,5
2100,DropCatch.com 620 LLC,5
2838,Domainsnapper LLC,5
2086,DropCatch.com 606 LLC,5
1061,"EnomAte, Inc.",5
2076,DropCatch.com 596 LLC,5
1976,DropCatch.com 496 LLC,5
1978,DropCatch.com 498 LLC,5
2053,DropCatch.com 573 LLC,5
2126,DropCatch.com 646 LLC,5
2191,DropCatch.com 711 LLC,5
2331,"Baracuda Domains, LLC",5
2232,"Cool River Names, LLC",5
2224,DropCatch.com 744 LLC,5
1276,"enom399, Incorporated",5
861,"Bidfordomainnames, LLC",5
1844,DropCatch.com 433 LLC,5
2129,DropCatch.com 649 LLC,5
1286,"enom441, Incorporated",5
2087,DropCatch.com 607 LLC,5
1054,"Retail Domains, Inc.",5
1991,DropCatch.com 511 LLC,5
2009,DropCatch.com 529 LLC,5
1838,DropCatch.com 427 LLC,5
1083,"Curious Net, Inc.",5
1958,DropCatch.com 478 LLC,5
862,"Capitaldomains, LLC",5
640,"Mobile Name Services, Inc.",5
1842,DropCatch.com 431 LLC,5
66,"Enameco, LLC",5
2902,Win Names LLC,5
1800,DropCatch.com 389 LLC,5
2110,DropCatch.com 630 LLC,5
2241,"Namesourcedomains, LLC",5
1462,One.com A/S,5
2793,DropCatch.com 1034 LLC,5
2033,DropCatch.com 553 LLC,5
2057,DropCatch.com 577 LLC,5
2341,"Domains of Origin, LLC",5
1275,"enom397, Incorporated",5
704,eNombre Corporation,5
1733,"Beijing Zihai Technology Co., Ltd",4
2196,DropCatch.com 716 LLC,4
2490,"Cloud Bamboo, LLC",4
2063,DropCatch.com 583 LLC,4
1955,DropCatch.com 475 LLC,4
874,"Chocolatecovereddomains,LLC",4
2220,DropCatch.com 740 LLC,4
2862,Name Connection Spot LLC,4
2871,Namesaplenty LLC,4
1271,"enom389, Incorporated",4
1144,"The Registrar Service, Inc.",4
2171,DropCatch.com 691 LLC,4
1765,DropCatch.com 354 LLC,4
1934,DropCatch.com 454 LLC,4
1992,DropCatch.com 512 LLC,4
2091,DropCatch.com 611 LLC,4
2821,Domain Bazaar LLC,4
1985,DropCatch.com 505 LLC,4
2176,DropCatch.com 696 LLC,4
2040,DropCatch.com 560 LLC,4
2014,DropCatch.com 534 LLC,4
846,"123domainrenewals, LLC",4
2047,DropCatch.com 567 LLC,4
1123,"Magic Friday, Inc.",4
922,"Afterdark Domains, Incorporated",4
1850,DropCatch.com 439 LLC,4
987,"Imperial Registrations, Inc.",4
2051,DropCatch.com 571 LLC,4
1117,"Platinum Registrar, Inc.",4
1055,"Searchnresq, Inc.",4
1060,"EnomV, Inc.",4
2276,"Veritas Domains, LLC",4
2333,"Deep Dive Domains, LLC",4
718,DomainBuzz.ca Inc.,4
838,BatDomains.com Ltd.,4
2056,DropCatch.com 576 LLC,4
2065,DropCatch.com 585 LLC,4
1961,DropCatch.com 481 LLC,4
1984,DropCatch.com 504 LLC,4
2257,"Fair Trade Domains, LLC",4
2757,DropCatch.com 998 LLC,4
2266,"Pink Elephant Domains, LLC",4
2608,DropCatch.com 849 LLC,4
1941,DropCatch.com 461 LLC,4
902,"Arab Internet Names, Incorporated",4
1830,DropCatch.com 419 LLC,4
2134,DropCatch.com 654 LLC,4
1799,DropCatch.com 388 LLC,4
1492,Neen Srl,4
1767,DropCatch.com 356 LLC,4
2123,DropCatch.com 643 LLC,4
642,Ladas Domains LLC d/b/a Principium Strategies,4
2222,DropCatch.com 742 LLC,4
1277,"enom403, Incorporated",4
2099,DropCatch.com 619 LLC,4
1457,Times Internet Limited,4
1047,"Enom1, Inc.",4
1943,DropCatch.com 463 LLC,4
1945,DropCatch.com 465 LLC,4
1813,DropCatch.com 402 LLC,4
2157,DropCatch.com 677 LLC,4
2339,"Domain Original, LLC",4
2004,DropCatch.com 524 LLC,4
2840,Drop Catch Mining LLC,4
2445,"Pheenix 71, LLC",4
2236,"Fetch Registrar, LLC",4
2106,DropCatch.com 626 LLC,4
2155,DropCatch.com 675 LLC,4
2856,Jumpshot Domains LLC,4
2058,DropCatch.com 578 LLC,4
1795,DropCatch.com 384 LLC,4
1106,"Unified Servers, Inc.",4
2015,DropCatch.com 535 LLC,4
1930,DropCatch.com 450 LLC,4
1936,DropCatch.com 456 LLC,4
2273,"Streamline Domains, LLC",4
2021,DropCatch.com 541 LLC,4
1268,"enom383, Incorporated",4
1758,DropCatch.com 347 LLC,4
1962,DropCatch.com 482 LLC,4
2029,DropCatch.com 549 LLC,4
1010,"eNom1010, Inc.",4
2876,Namewinner LLC,4
918,"Small Business Names and Certs, Incorporated",4
2636,DropCatch.com 877 LLC,4
706,Indirection Identity Corporation,4
1294,"enom425, Incorporated",4
2122,DropCatch.com 642 LLC,4
1849,DropCatch.com 438 LLC,4
1053,"EnomX, Inc.",4
1858,"NameCentral, Inc.",4
2275,"Tiger Shark Domains, LLC",4
2197,DropCatch.com 717 LLC,4
1789,DropCatch.com 378 LLC,4
2201,DropCatch.com 721 LLC,4
1553,"Small World Communications, Inc.",4
921,"Whiteglove Domains, Incorporated",4
2070,DropCatch.com 590 LLC,4
1266,"enom377, Incorporated",4
1968,DropCatch.com 488 LLC,4
2036,DropCatch.com 556 LLC,4
2888,Targeted Drop Catch LLC,4
708,Gunga Galunga Corporation,4
2890,Thirdroundnames  LLC,4
1301,"enom443, Incorporated",4
2200,DropCatch.com 720 LLC,4
2216,DropCatch.com 736 LLC,4
1066,"EnomEU, Inc.",4
1310,"enom417, Incorporated",4
1508,TOGLODO S.A.,4
1305,"enom421, Incorporated",4
2205,DropCatch.com 725 LLC,4
1793,DropCatch.com 382 LLC,4
1280,"enom411, Incorporated",4
644,"Aim High!, Inc.",4
1810,DropCatch.com 399 LLC,4
1794,DropCatch.com 383 LLC,4
2150,DropCatch.com 670 LLC,4
2030,DropCatch.com 550 LLC,4
1303,"enom461, Incorporated",4
1791,DropCatch.com 380 LLC,4
2800,DropCatch.com 1041 LLC,4
2887,Swordfish Domains LLC,4
2892,Top Level Domains LLC,4
2002,DropCatch.com 522 LLC,4
1998,DropCatch.com 518 LLC,4
2173,DropCatch.com 693 LLC,4
2154,DropCatch.com 674 LLC,4
2277,"White Rhino Domains, LLC",4
662,"eNom662, Inc.",4
1065,"EnomAU, Inc.",4
2335,"Domain Collage, LLC",4
1948,DropCatch.com 468 LLC,4
2334,"Domain Ala Carte, LLC",4
1824,DropCatch.com 413 LLC,4
2006,DropCatch.com 526 LLC,4
1308,"enom429, Incorporated",4
859,"Cocosislandsdomains, LLC",4
2163,DropCatch.com 683 LLC,4
2278,"Wild Bunch Domains, LLC",4
2263,"Magnolia Domains, LLC",4
672,"eNom672, Inc.",4
2259,"Free Spirit Domains, LLC",4
1792,DropCatch.com 381 LLC,4
2448,"Pheenix 74, LLC",4
1762,DropCatch.com 351 LLC,4
753,Name Thread Corporation,4
864,"Domaincamping, LLC",4
1145,"Big Domain Shop, Inc.",4
2622,DropCatch.com 863 LLC,4
2342,"Eagle Eye Domains, LLC",4
2864,Name Icon LLC,4
2519,DropCatch.com 760 LLC,4
1656,Kagoya Japan Inc.,4
1295,"enom379, Incorporated",4
1995,DropCatch.com 515 LLC,4
877,"Decentdomains, LLC",4
1828,DropCatch.com 417 LLC,4
2187,DropCatch.com 707 LLC,4
2162,DropCatch.com 682 LLC,4
2585,DropCatch.com 826 LLC,4
2013,DropCatch.com 533 LLC,4
2007,DropCatch.com 527 LLC,4
2269,"Riptide Domains, LLC",4
1270,"enom387, Incorporated",4
986,"Mighty Bay, Inc.",4
2044,DropCatch.com 564 LLC,4
1737,"JARHEADDOMAINS.COM, LLC",3
2537,DropCatch.com 778 LLC,3
1304,"enom413, Incorporated",3
2012,DropCatch.com 532 LLC,3
2082,DropCatch.com 602 LLC,3
2166,DropCatch.com 686 LLC,3
2406,"Pheenix 32, LLC",3
2823,Domain Grabber LLC,3
2105,DropCatch.com 625 LLC,3
1093,"Cool Ocean, Inc.",3
1959,DropCatch.com 479 LLC,3
1285,"enom439, Incorporated",3
2492,"Cloud Boom, LLC",3
1113,"Instinct Solutions, Inc.",3
2352,"Straight 8 Domains, LLC",3
2128,DropCatch.com 648 LLC,3
2745,DropCatch.com 986 LLC,3
2866,Namecatch Zone LLC,3
1797,DropCatch.com 386 LLC,3
2074,DropCatch.com 594 LLC,3
2718,DropCatch.com 959 LLC,3
2799,DropCatch.com 1040 LLC,3
1058,"EnomTen, Inc.",3
2186,DropCatch.com 706 LLC,3
2496,"Cloud Plum, LLC",3
1098,"Domain Mantra, Inc.",3
1012,"eNom1012, Inc.",3
1970,DropCatch.com 490 LLC,3
2727,DropCatch.com 968 LLC,3
2346,"Glide Slope Domains, LLC",3
2279,"Your Domain Casa, LLC",3
2135,DropCatch.com 655 LLC,3
1993,DropCatch.com 513 LLC,3
2812,Catch Domains LLC,3
650,"eNom650, Inc.",3
2223,DropCatch.com 743 LLC,3
2001,DropCatch.com 521 LLC,3
1980,DropCatch.com 500 LLC,3
1779,DropCatch.com 368 LLC,3
2686,DropCatch.com 927 LLC,3
360,Abu-Ghazaleh Intellectual Property dba TAGIdomains.com,3
1481,Hu Yi Global Information Hong Kong Limited,3
363,"Funpeas Media Ventures, LLC dba DomainProcessor.com",3
2218,DropCatch.com 738 LLC,3
1043,"Domain Rouge, Inc.",3
659,"eNom659, Inc.",3
2491,"Cloud Beauty, LLC",3
2148,DropCatch.com 668 LLC,3
701,"Domainnovations, Incorporated",3
1965,DropCatch.com 485 LLC,3
1853,DropCatch.com 442 LLC,3
1804,DropCatch.com 393 LLC,3
2023,DropCatch.com 543 LLC,3
2235,"EndeavourDomains, LLC",3
1778,DropCatch.com 367 LLC,3
2268,"Ripcurl Domains, LLC",3
1064,"Enomnz, Inc.",3
2066,DropCatch.com 586 LLC,3
1939,DropCatch.com 459 LLC,3
2421,"Pheenix 47, LLC",3
2258,"Fine Grain Domains, LLC",3
2830,Domaincatcher LLC,3
1786,DropCatch.com 375 LLC,3
882,"Domain-A-Go-Go, LLC",3
2453,"Pheenix 79, LLC",3
459,"Domain Monkeys, LLC",3
2095,DropCatch.com 615 LLC,3
1312,"enom447, Incorporated",3
1128,"Power Namers, Inc.",3
647,"eNom647, Inc.",3
1100,"Net Juggler, Inc.",3
2300,"Confucius, LLC",3
1148,"Jumbo Name, Inc.",3
1269,"enom385, Incorporated",3
1265,"enom375, Incorporated",3
1986,DropCatch.com 506 LLC,3
1300,"enom455, Incorporated",3
2783,DropCatch.com 1024 LLC,3
2368,"Hrunting, LLC",3
2142,DropCatch.com 662 LLC,3
855,"24x7domains, LLC",3
1332,Experinom Inc.,3
2545,DropCatch.com 786 LLC,3
1846,DropCatch.com 435 LLC,3
2164,DropCatch.com 684 LLC,3
2462,"Pheenix 88, LLC",3
680,SearchName.ca Internet Services Corporation,3
2500,"Cloud Super, LLC",3
1989,DropCatch.com 509 LLC,3
2471,"Pheenix 97, LLC",3
2184,DropCatch.com 704 LLC,3
1816,DropCatch.com 405 LLC,3
871,"Samoandomains, LLC",3
2869,Names On The Drop LLC,3
2361,"William Wallace, LLC",3
2731,DropCatch.com 972 LLC,3
2777,DropCatch.com 1018 LLC,3
2167,DropCatch.com 687 LLC,3
1050,"Enom4, Inc.",3
2233,"Desert Sand Domains, LLC",3
1814,DropCatch.com 403 LLC,3
2111,DropCatch.com 631 LLC,3
2038,DropCatch.com 558 LLC,3
2179,DropCatch.com 699 LLC,3
1038,"eNom1038, Inc.",3
1783,DropCatch.com 372 LLC,3
1787,DropCatch.com 376 LLC,3
2046,DropCatch.com 566 LLC,3
2847,Firstround Names LLC,3
628,"Vedacore.com, Inc.",3
2088,DropCatch.com 608 LLC,3
2813,Chipshot Domains LLC,3
1048,"Enom2, Inc.",3
835,KuwaitNET General Trading Co.,3
1821,DropCatch.com 410 LLC,3
2213,DropCatch.com 733 LLC,3
1775,DropCatch.com 364 LLC,3
1127,"Zone Casting, Inc.",3
2136,DropCatch.com 656 LLC,3
2875,Namestop LLC,3
2102,DropCatch.com 622 LLC,3
1935,DropCatch.com 455 LLC,3
2022,DropCatch.com 542 LLC,3
1780,DropCatch.com 369 LLC,3
1969,DropCatch.com 489 LLC,3
1035,"eNom1035, Inc.",3
2833,Domainer Names LLC,3
1724,Stork Registry Inc.,3
2097,DropCatch.com 617 LLC,3
2024,DropCatch.com 544 LLC,3
2580,DropCatch.com 821 LLC,3
2049,DropCatch.com 569 LLC,3
2324,"Richard the Lionheart 888, LLC",3
2188,DropCatch.com 708 LLC,3
1490,dm3 Digital Media Marketing and Monitoring FZ-LLC,3
1760,DropCatch.com 349 LLC,3
2025,DropCatch.com 545 LLC,3
1809,DropCatch.com 398 LLC,3
705,Extra Threads Corporation,3
750,Nerd Names Corporation,3
2043,DropCatch.com 563 LLC,3
754,"Sssasss, Incorporated",3
2602,DropCatch.com 843 LLC,3
2084,DropCatch.com 604 LLC,3
1964,DropCatch.com 484 LLC,3
2510,DropCatch.com 751 LLC,3
1009,"eNom1009, Inc.",3
829,"Anytime Sites, Inc.",3
1036,"eNom1036, Inc.",3
2621,DropCatch.com 862 LLC,3
1333,"Samjung Data Service Co., Ltd",3
752,"Mark Barker, Incorporated",3
2824,Domain Landing Zone LLC,3
2547,DropCatch.com 788 LLC,3
2175,DropCatch.com 695 LLC,3
2075,DropCatch.com 595 LLC,3
1663,"Hotdomaintrade.com, Inc.",3
2714,DropCatch.com 955 LLC,3
2011,DropCatch.com 531 LLC,3
2457,"Pheenix 83, LLC",3
2204,DropCatch.com 724 LLC,3
910,"Entertainment Names, Incorporated",3
1982,DropCatch.com 502 LLC,3
1763,DropCatch.com 352 LLC,3
1836,DropCatch.com 425 LLC,3
1042,"Big House Services, Inc.",3
1096,"Find Good Domains, Inc.",3
2113,DropCatch.com 633 LLC,3
961,"Rank USA, Inc.",3
2073,DropCatch.com 593 LLC,3
2854,Hanging Curve Domains LLC,3
2290,"Achilles 888, LLC",3
2000,DropCatch.com 520 LLC,3
2090,DropCatch.com 610 LLC,3
1996,DropCatch.com 516 LLC,3
1927,DropCatch.com 447 LLC,3
2851,Goldenfind Domains LLC,3
2330,"Alethia Domains, LLC",3
2270,"Soaring Eagle Domains, LLC",3
2313,"Leonidas, LLC",3
1313,"enom467, Incorporated",3
2059,DropCatch.com 579 LLC,3
868,"Domainnamebidder, LLC",3
707,"Fushi Tarazu, Incorporated",3
2072,DropCatch.com 592 LLC,3
1957,DropCatch.com 477 LLC,3
1785,DropCatch.com 374 LLC,3
646,"eNom646, Inc.",3
658,"Register Names, LLC",3
2364,"Excalibur, LLC",3
2315,"Mailinh, LLC",3
1306,"enom463, Incorporated",3
1851,DropCatch.com 440 LLC,3
1056,"Fenominal, Inc.",3
1817,DropCatch.com 406 LLC,3
1951,DropCatch.com 471 LLC,3
1292,"enom419, Incorporated",3
1561,Purity Names Incorporated,3
2881,Slamdunk Domains LLC,3
2026,DropCatch.com 546 LLC,3
2250,"Wildzebradomains, LLC",3
1063,"EnomMX, Inc.",3
2133,DropCatch.com 653 LLC,3
1278,"enom405, Incorporated",3
2792,DropCatch.com 1033 LLC,3
2473,"Pheenix 99, LLC",3
2132,DropCatch.com 652 LLC,3
2863,Name Find Source LLC,3
1309,"enom415, Incorporated",3
2139,DropCatch.com 659 LLC,3
1604,DanDomain A/S,3
2169,DropCatch.com 689 LLC,3
2574,DropCatch.com 815 LLC,3
2068,DropCatch.com 588 LLC,3
1932,DropCatch.com 452 LLC,3
870,"Niuedomains, LLC",3
2221,DropCatch.com 741 LLC,3
2238,"Lucky Elephant Domains, LLC",3
1289,"enom453, Incorporated",3
2765,DropCatch.com 1006 LLC,3
2810,Bounce Pass Domains LLC,3
1839,DropCatch.com 428 LLC,3
1657,"WHT Co., Ltd",3
2329,"Ad Valorem Domains, LLC",3
619,"Domainducks, LLC",3
2638,DropCatch.com 879 LLC,3
1949,DropCatch.com 469 LLC,2
2815,Copper Domain Names LLC,2
2776,DropCatch.com 1017 LLC,2
917,"SBSNames, Incorporated",2
2463,"Pheenix 89, LLC",2
1831,DropCatch.com 420 LLC,2
1972,DropCatch.com 492 LLC,2
2003,DropCatch.com 523 LLC,2
1926,DropCatch.com 446 LLC,2
2358,"Titus 888, LLC",2
1014,"eNom1014, Inc.",2
2140,DropCatch.com 660 LLC,2
2645,DropCatch.com 886 LLC,2
2726,DropCatch.com 967 LLC,2
2796,DropCatch.com 1037 LLC,2
2299,"Charles Darwin, LLC",2
2884,Snag Your Name LLC,2
1115,"Visual Monster, Inc.",2
1990,DropCatch.com 510 LLC,2
2332,"Bonam Fortunam Domains, LLC",2
2376,"Pheenix 2, LLC",2
2852,Goldmine Domains LLC,2
2295,"Arthur Pendragon, LLC",2
2582,DropCatch.com 823 LLC,2
2412,"Pheenix 38, LLC",2
2639,DropCatch.com 880 LLC,2
2209,DropCatch.com 729 LLC,2
2370,"La Tizone, LLC",2
2786,DropCatch.com 1027 LLC,2
885,"Austriandomains, LLC",2
2691,DropCatch.com 932 LLC,2
2108,DropCatch.com 628 LLC,2
2772,DropCatch.com 1013 LLC,2
1788,DropCatch.com 377 LLC,2
2676,DropCatch.com 917 LLC,2
1102,"Network Savior, Inc.",2
2035,DropCatch.com 555 LLC,2
897,"21Company, Inc. dba 21-domain.com",2
1782,DropCatch.com 371 LLC,2
2192,DropCatch.com 712 LLC,2
2469,"Pheenix 95, LLC",2
1761,DropCatch.com 350 LLC,2
2160,DropCatch.com 680 LLC,2
702,"Dropoutlet, Incorporated",2
1928,DropCatch.com 448 LLC,2
453,"AllGlobalNames, S.A. dba Cyberegistro.com",2
465,Domains.coop Limited,2
1997,DropCatch.com 517 LLC,2
1963,DropCatch.com 483 LLC,2
1819,DropCatch.com 408 LLC,2
937,"Blue Fractal, Inc.",2
873,"Unitedkingdomdomains, LLC",2
2647,DropCatch.com 888 LLC,2
2859,Millennial Names LLC,2
2817,Curveball Domains LLC,2
2848,Free Drop Zone LLC,2
1101,"Power Carrier, Inc.",2
884,"Diggitydot, LLC",2
872,"Tuvaludomains, LLC",2
2161,DropCatch.com 681 LLC,2
2828,Domain Stopover LLC,2
1506,Gesloten Domain N.V.,2
2396,"Pheenix 22, LLC",2
2436,"Pheenix 62, LLC",2
2005,DropCatch.com 525 LLC,2
2733,DropCatch.com 974 LLC,2
1953,DropCatch.com 473 LLC,2
2603,DropCatch.com 844 LLC,2
2054,DropCatch.com 574 LLC,2
2018,DropCatch.com 538 LLC,2
1104,"Name To Fame, Inc.",2
1946,DropCatch.com 466 LLC,2
1766,DropCatch.com 355 LLC,2
2858,Long Drive Domains LLC,2
2130,DropCatch.com 650 LLC,2
1296,"enom445, Incorporated",2
1933,DropCatch.com 453 LLC,2
380,Tuonome.it Srl d/b/a APIsrs.com,2
2320,"Plato 888, LLC",2
850,"Allaccessdomains, LLC",2
2739,DropCatch.com 980 LLC,2
2659,DropCatch.com 900 LLC,2
2632,DropCatch.com 873 LLC,2
1129,"Extend Names, Inc.",2
1781,DropCatch.com 370 LLC,2
2215,DropCatch.com 735 LLC,2
2028,DropCatch.com 548 LLC,2
1076,"Domain Guardians, Inc.",2
2206,DropCatch.com 726 LLC,2
920,"TravelDomains, Incorporated",2
2542,DropCatch.com 783 LLC,2
2626,DropCatch.com 867 LLC,2
2321,"Poseidon 888, LLC",2
2016,DropCatch.com 536 LLC,2
2183,DropCatch.com 703 LLC,2
1122,"Key Registrar, Inc.",2
2451,"Pheenix 77, LLC",2
1769,DropCatch.com 358 LLC,2
2316,"Odysseus 888, LLC",2
1811,DropCatch.com 400 LLC,2
831,"Crisp Names, Inc.",2
2447,"Pheenix 73, LLC",2
912,"Kingdomains, Incorporated",2
2092,DropCatch.com 612 LLC,2
2189,DropCatch.com 709 LLC,2
2242,"New Order Domains, LLC",2
2307,"Hercules 888, LLC",2
2553,DropCatch.com 794 LLC,2
2761,DropCatch.com 1002 LLC,2
2768,DropCatch.com 1009 LLC,2
1034,"eNom1034, Inc.",2
2326,"Sir Lancelot du Lac, LLC",2
2756,DropCatch.com 997 LLC,2
2898,Turbonames LLC,2
1526,Hogan Lovells International LLP,2
1273,"enom393, Incorporated",2
2872,Namesnap  LLC,2
2747,DropCatch.com 988 LLC,2
2841,Dropcatch Auction LLC,2
1051,"Enom5, Inc.",2
1107,"Tech Tyrants, Inc.",2
2185,DropCatch.com 705 LLC,2
1302,"enom409, Incorporated",2
2450,"Pheenix 76, LLC",2
2172,DropCatch.com 692 LLC,2
2203,DropCatch.com 723 LLC,2
2431,"Pheenix 57, LLC",2
2156,DropCatch.com 676 LLC,2
2081,DropCatch.com 601 LLC,2
656,"eNom656, Inc.",2
2895,Top Tier Domains LLC,2
2048,DropCatch.com 568 LLC,2
2781,DropCatch.com 1022 LLC,2
2050,DropCatch.com 570 LLC,2
1641,Brennercom Limited,2
2573,DropCatch.com 814 LLC,2
1977,DropCatch.com 497 LLC,2
2836,Domains Express LLC,2
2600,DropCatch.com 841 LLC,2
2405,"Pheenix 31, LLC",2
2372,"Ulfberht, LLC",2
875,"Claimeddomains, LLC",2
2889,The Domains LLC,2
1264,"enom373, Incorporated",2
1623,Registrar Manager Inc.,2
2807,Backstop Names LLC,2
1049,"Enom3, Inc.",2
1293,"enom427, Incorporated",2
1041,"Good Luck Internet Services PVT, LTD.",2
1837,DropCatch.com 426 LLC,2
2474,"Pheenix 100, LLC",2
2904,Zinc Domain Names LLC,2
1772,DropCatch.com 361 LLC,2
2674,DropCatch.com 915 LLC,2
1756,DropCatch.com 345 LLC,2
858,"Chinesedomains, LLC",2
2825,Domain Pickup LLC,2
2400,"Pheenix 26, LLC",2
2589,DropCatch.com 830 LLC,2
2517,DropCatch.com 758 LLC,2
867,"Domaininternetname, LLC",2
2543,DropCatch.com 784 LLC,2
2849,Freefall Domains LLC,2
2501,"Cloud System, LLC",2
2272,"Sourced Domains, LLC",2
883,"Discountdomainservices, LLC",2
2437,"Pheenix 63, LLC",2
2844,Dropcatching Names LLC,2
2769,DropCatch.com 1010 LLC,2
2145,DropCatch.com 665 LLC,2
2366,"Heavens Will, LLC",2
2008,DropCatch.com 528 LLC,2
2901,Wide Right Domains LLC,2
1940,DropCatch.com 460 LLC,2
2398,"Pheenix 24, LLC",2
2669,DropCatch.com 910 LLC,2
2758,DropCatch.com 999 LLC,2
2116,DropCatch.com 636 LLC,2
2557,DropCatch.com 798 LLC,2
2744,DropCatch.com 985 LLC,2
2711,DropCatch.com 952 LLC,2
853,"Austriadomains, LLC",2
2337,"Domain Lifestyle, LLC",2
2820,Deleting Name Zone LLC,2
2590,DropCatch.com 831 LLC,2
2684,DropCatch.com 925 LLC,2
2055,DropCatch.com 575 LLC,2
1852,DropCatch.com 441 LLC,2
2598,DropCatch.com 839 LLC,2
2715,DropCatch.com 956 LLC,2
2292,"Apollo 888, LLC",2
2607,DropCatch.com 848 LLC,2
2883,Slow Putt Domains LLC,2
2430,"Pheenix 56, LLC",2
2763,DropCatch.com 1004 LLC,2
1735,Emerald Registrar Limited,2
2845,Exclusive Domain Find LLC,2
2594,DropCatch.com 835 LLC,2
1843,DropCatch.com 432 LLC,2
2558,DropCatch.com 799 LLC,2
2210,DropCatch.com 730 LLC,2
2609,DropCatch.com 850 LLC,2
915,"Private Domains, Incorporated",2
2217,DropCatch.com 737 LLC,2
1738,Emirates Telecommunications Corporation - Etisalat,2
2550,DropCatch.com 791 LLC,2
1311,"enom469, Incorporated",2
2159,DropCatch.com 679 LLC,2
2541,DropCatch.com 782 LLC,2
2648,DropCatch.com 889 LLC,2
1822,DropCatch.com 411 LLC,2
2401,"Pheenix 27, LLC",2
2766,DropCatch.com 1007 LLC,2
2623,DropCatch.com 864 LLC,2
1950,DropCatch.com 470 LLC,2
1365,Open System Ltda - Me,2
2899,Victorynames LLC,2
1966,DropCatch.com 486 LLC,2
2062,DropCatch.com 582 LLC,2
2633,DropCatch.com 874 LLC,2
2422,"Pheenix 48, LLC",2
275,"Alice's Registry, Inc.",2
2705,DropCatch.com 946 LLC,2
1279,"enom407, Incorporated",2
1267,"enom381, Incorporated",2
2438,"Pheenix 64, LLC",2
2549,DropCatch.com 790 LLC,2
2182,DropCatch.com 702 LLC,2
2660,DropCatch.com 901 LLC,2
703,"Nom Infinitum, Incorporated",2
1499,Ghana Dot Com Ltd.,2
2094,DropCatch.com 614 LLC,2
2293,"Ares 888, LLC",2
2880,Silver Domain Names LLC,2
1740,Henan Weichuang Network Technology Co. Ltd.,2
2248,"Tradewinds Names, LLC",2
1664,"Namware.com, Inc.",2
1124,"Need Servers, Inc.",2
675,Super Registry Ltd,2
2455,"Pheenix 81, LLC",2
2822,Domain Gold Zone LLC,2
2552,DropCatch.com 793 LLC,2
2539,DropCatch.com 780 LLC,2
2377,"Pheenix 3, LLC",2
876,"Department-of-domains, LLC",2
2748,DropCatch.com 989 LLC,2
2738,DropCatch.com 979 LLC,2
2096,DropCatch.com 616 LLC,2
848,"PrivacyPost, LLC",2
1109,"Trade Starter, Inc.",2
2843,Dropcatch Marketplace LLC,2
1981,DropCatch.com 501 LLC,2
2020,DropCatch.com 540 LLC,2
2472,"Pheenix 98, LLC",2
1784,DropCatch.com 373 LLC,2
2613,DropCatch.com 854 LLC,2
1459,"Domainmonster.com, Inc.",2
2083,DropCatch.com 603 LLC,2
666,"eNom666, Inc.",2
2644,DropCatch.com 885 LLC,2
2067,DropCatch.com 587 LLC,2
2588,DropCatch.com 829 LLC,2
2725,DropCatch.com 966 LLC,2
2112,DropCatch.com 632 LLC,2
1121,"Go Full House, Inc.",1
2291,"Annam, LLC",1
1297,"enom459, Incorporated",1
2425,"Pheenix 51, LLC",1
2064,DropCatch.com 584 LLC,1
823,"Internet Service Registrar, Inc.",1
2663,DropCatch.com 904 LLC,1
2297,"Billy the Kid, LLC",1
2365,"Green Destiny, LLC",1
2803,DropCatch.com 1044 LLC,1
2706,DropCatch.com 947 LLC,1
2426,"Pheenix 52, LLC",1
2591,DropCatch.com 832 LLC,1
2456,"Pheenix 82, LLC",1
1729,Beijing ZhongWan Network Technology Co Ltd,1
2512,DropCatch.com 753 LLC,1
2522,DropCatch.com 763 LLC,1
2675,DropCatch.com 916 LLC,1
1317,documentdata Anstalt,1
1282,"enom433, Incorporated",1
649,Nictrade Internet Identity Provider AB,1
1008,"eNom1008, Inc.",1
1988,DropCatch.com 508 LLC,1
2529,DropCatch.com 770 LLC,1
2610,DropCatch.com 851 LLC,1
1147,"Super Name World, Inc.",1
111,Secura GmbH,1
661,"eNom661, Inc.",1
1999,DropCatch.com 519 LLC,1
2661,DropCatch.com 902 LLC,1
2551,DropCatch.com 792 LLC,1
1322,GPDOMAINS Inc.,1
1971,DropCatch.com 491 LLC,1
2306,"Galileo Galilei, LLC",1
2318,"Perseus 888, LLC",1
2466,"Pheenix 92, LLC",1
1494,"Beijing Guoxu Network Technology Co., Ltd.",1
2394,"Pheenix 20, LLC",1
1507,"RIDE Co., Ltd.",1
2780,DropCatch.com 1021 LLC,1
2642,DropCatch.com 883 LLC,1
2506,DropCatch.com 747 LLC,1
2117,DropCatch.com 637 LLC,1
2743,DropCatch.com 984 LLC,1
1952,DropCatch.com 472 LLC,1
2801,DropCatch.com 1042 LLC,1
1975,DropCatch.com 495 LLC,1
2759,DropCatch.com 1000 LLC,1
2631,DropCatch.com 872 LLC,1
2379,"Pheenix 5, LLC",1
1826,DropCatch.com 415 LLC,1
845,"1800-website, LLC",1
2524,DropCatch.com 765 LLC,1
2518,DropCatch.com 759 LLC,1
2673,DropCatch.com 914 LLC,1
2787,DropCatch.com 1028 LLC,1
2893,Top Pick Names LLC,1
2440,"Pheenix 66, LLC",1
2720,DropCatch.com 961 LLC,1
2328,"Spartacus, LLC",1
2193,DropCatch.com 713 LLC,1
2616,DropCatch.com 857 LLC,1
2742,DropCatch.com 983 LLC,1
2420,"Pheenix 46, LLC",1
2567,DropCatch.com 808 LLC,1
2790,DropCatch.com 1031 LLC,1
2679,DropCatch.com 920 LLC,1
2433,"Pheenix 59, LLC",1
2811,Catch Deleting Names LLC,1
2818,Deep Sea Domains LLC,1
605,rockenstein AG,1
2746,DropCatch.com 987 LLC,1
2770,DropCatch.com 1011 LLC,1
2325,"Maximus, LLC",1
2561,DropCatch.com 802 LLC,1
2563,DropCatch.com 804 LLC,1
2874,Namesource LLC,1
2753,DropCatch.com 994 LLC,1
1725,Global Village GmbH,1
2369,"Joyeuse, LLC",1
2652,DropCatch.com 893 LLC,1
2762,DropCatch.com 1003 LLC,1
2147,DropCatch.com 667 LLC,1
2443,"Pheenix 69, LLC",1
1987,DropCatch.com 507 LLC,1
2423,"Pheenix 49, LLC",1
2373,"Zulfigar, LLC",1
926,"Reseller Services, Inc. dba ResellServ.com",1
2788,DropCatch.com 1029 LLC,1
2424,"Pheenix 50, LLC",1
2441,"Pheenix 67, LLC",1
2572,DropCatch.com 813 LLC,1
2407,"Pheenix 33, LLC",1
2289,"Abraham Lincoln, LLC",1
869,"Domainnamelookup, LLC",1
2697,DropCatch.com 938 LLC,1
2802,DropCatch.com 1043 LLC,1
2581,DropCatch.com 822 LLC,1
1728,IP Twins SAS,1
2554,DropCatch.com 795 LLC,1
2837,Domainshop LLC,1
2080,DropCatch.com 600 LLC,1
2340,"Domaining Oro, LLC",1
2615,DropCatch.com 856 LLC,1
2614,DropCatch.com 855 LLC,1
2601,DropCatch.com 842 LLC,1
2296,"Benjamin Franklin 888, LLC",1
2302,"Dainam, LLC",1
2785,DropCatch.com 1026 LLC,1
2672,DropCatch.com 913 LLC,1
2775,DropCatch.com 1016 LLC,1
2531,DropCatch.com 772 LLC,1
2149,DropCatch.com 669 LLC,1
2165,DropCatch.com 685 LLC,1
2595,DropCatch.com 836 LLC,1
2832,Domaindrop LLC,1
1299,"enom465, Incorporated",1
2755,DropCatch.com 996 LLC,1
2208,DropCatch.com 728 LLC,1
2868,Names Express LLC,1
1444,TWT S.p.A.,1
2403,"Pheenix 29, LLC",1
2694,DropCatch.com 935 LLC,1
2411,"Pheenix 37, LLC",1
2399,"Pheenix 25, LLC",1
2729,DropCatch.com 970 LLC,1
2559,DropCatch.com 800 LLC,1
2618,DropCatch.com 859 LLC,1
2468,"Pheenix 94, LLC",1
2560,DropCatch.com 801 LLC,1
2782,DropCatch.com 1023 LLC,1
2452,"Pheenix 78, LLC",1
2625,DropCatch.com 866 LLC,1
2195,DropCatch.com 715 LLC,1
2750,DropCatch.com 991 LLC,1
2310,"Joan of Arc, LLC",1
919,"Traffic Names, Incorporated",1
2867,Namegrab LLC,1
2356,"Thomas Edison, LLC",1
863,"Deutchdomains, LLC",1
2375,"Pheenix 1, LLC",1
2540,DropCatch.com 781 LLC,1
2656,DropCatch.com 897 LLC,1
2181,DropCatch.com 701 LLC,1
2382,"Pheenix 8, LLC",1
2069,DropCatch.com 589 LLC,1
2657,DropCatch.com 898 LLC,1
413,"Domain Pro, LLC",1
1827,DropCatch.com 416 LLC,1
1808,DropCatch.com 397 LLC,1
1284,"enom437, Incorporated",1
2728,DropCatch.com 969 LLC,1
2526,DropCatch.com 767 LLC,1
2408,"Pheenix 34, LLC",1
2428,"Pheenix 54, LLC",1
2826,Domain Secure LLC,1
2386,"Pheenix 12, LLC",1
2620,DropCatch.com 861 LLC,1
2643,DropCatch.com 884 LLC,1
2527,DropCatch.com 768 LLC,1
2432,"Pheenix 58, LLC",1
2708,DropCatch.com 949 LLC,1
2827,Domain Source LLC,1
1751,"SQUIDSAILERDOMAINS.COM, LLC",1
2530,DropCatch.com 771 LLC,1
2414,"Pheenix 40, LLC",1
663,"eNom663, Inc.",1
2835,Domains Etc LLC,1
2650,DropCatch.com 891 LLC,1
2596,DropCatch.com 837 LLC,1
2357,"Thomas Jefferson, LLC",1
879,"Domainbusinessnames, LLC",1
2678,DropCatch.com 919 LLC,1
2089,DropCatch.com 609 LLC,1
2773,DropCatch.com 1014 LLC,1
1314,"enom457, Incorporated",1
847,"Hostlane, LLC",1
2855,Iconicnames LLC,1
1771,DropCatch.com 360 LLC,1
2842,Dropcatch Landing Spot LLC,1
2360,"Wild Bill Hickok, LLC",1
2439,"Pheenix 65, LLC",1
1807,DropCatch.com 396 LLC,1
2900,Wide Left Domains LLC,1
2741,DropCatch.com 982 LLC,1
2461,"Pheenix 87, LLC",1
2454,"Pheenix 80, LLC",1
1931,DropCatch.com 451 LLC,1
2435,"Pheenix 61, LLC",1
2127,DropCatch.com 647 LLC,1
2577,DropCatch.com 818 LLC,1
1274,"enom395, Incorporated",1
2381,"Pheenix 7, LLC",1
854,"995discountdomains, LLC",1
842,"SoftLayer Technologies, Inc.",1
2857,Layup Domains LLC,1
2576,DropCatch.com 817 LLC,1
2311,"Leif Ericson, LLC",1
2879,Sharkweek Domains  LLC,1
1974,DropCatch.com 494 LLC,1
2523,DropCatch.com 764 LLC,1
2723,DropCatch.com 964 LLC,1
2683,DropCatch.com 924 LLC,1
2409,"Pheenix 35, LLC",1
2779,DropCatch.com 1020 LLC,1
2700,DropCatch.com 941 LLC,1
2536,DropCatch.com 777 LLC,1
2378,"Pheenix 4, LLC",1
1665,"Vertex names.com, Inc.",1
667,"Name Share, Inc.",1
2722,DropCatch.com 963 LLC,1
2211,DropCatch.com 731 LLC,1
2294,"Aristotle 888, LLC",1
2494,"Cloud Diamond, LLC",1
2198,DropCatch.com 718 LLC,1
2121,DropCatch.com 641 LLC,1
2816,Coral Reef Domains LLC,1
1599,Alibaba Cloud Computing Ltd. d/b/a HiChina (www.net.cn),1
2784,DropCatch.com 1025 LLC,1
2751,DropCatch.com 992 LLC,1
2052,DropCatch.com 572 LLC,1
878,"Columbiadomains, LLC",1
2829,Domain Success LLC,1
1057,"Enoma1, Inc.",1
959,"Tropic Management Systems, Inc.",1
2416,"Pheenix 42, LLC",1
2101,DropCatch.com 621 LLC,1
2319,"Peter the Great, LLC",1
2629,DropCatch.com 870 LLC,1
2734,DropCatch.com 975 LLC,1
1960,DropCatch.com 480 LLC,1
2397,"Pheenix 23, LLC",1
2521,DropCatch.com 762 LLC,1
2079,DropCatch.com 599 LLC,1
966,"Web Business, LLC",1
1067,"Enomfor, Inc.",1
1994,DropCatch.com 514 LLC,1
643,DNS:NET Internet Service GmbH,1
2586,DropCatch.com 827 LLC,1
2749,DropCatch.com 990 LLC,1
1493,Ilait AB,1
1120,"Game For Names, Inc.",1
2354,"Tan Tran, LLC",1
2894,Top Shelf Domains LLC,1
2568,DropCatch.com 809 LLC,1
2404,"Pheenix 30, LLC",1
2085,DropCatch.com 605 LLC,1
2427,"Pheenix 53, LLC",1
2634,DropCatch.com 875 LLC,1
1944,DropCatch.com 464 LLC,1
2695,DropCatch.com 936 LLC,1
2592,DropCatch.com 833 LLC,1
2654,DropCatch.com 895 LLC,1
1062,"eNomsky, Inc.",1
2808,Best Drop Names LLC,1
1368,"1 Domain Source Ltd. dba Domain One Source, Inc.",1
1504,camPoint AG,1
2380,"Pheenix 6, LLC",1
2390,"Pheenix 16, LLC",1
2078,DropCatch.com 598 LLC,1
2442,"Pheenix 68, LLC",1
2797,DropCatch.com 1038 LLC,1
2658,DropCatch.com 899 LLC,1
914,"PostalDomains, Incorporated",1
2566,DropCatch.com 807 LLC,1
2402,"Pheenix 28, LLC",1
2389,"Pheenix 15, LLC",1
2865,Namecatch LLC,1
1108,"Ultra Registrar, Inc.",1
1272,"enom391, Incorporated",1
1956,DropCatch.com 476 LLC,1
1937,DropCatch.com 457 LLC,1
2752,DropCatch.com 993 LLC,1
1770,DropCatch.com 359 LLC,1
935,"Commerce Island, Inc.",1
2533,DropCatch.com 774 LLC,1
2795,DropCatch.com 1036 LLC,1
2791,DropCatch.com 1032 LLC,1
2383,"Pheenix 9, LLC",1
2713,DropCatch.com 954 LLC,1
2640,DropCatch.com 881 LLC,1
2655,DropCatch.com 896 LLC,1
2355,"Theseus 888, LLC",1
856,"1st-for-domain-names, LLC",1
2511,DropCatch.com 752 LLC,1
2897,Treasure Trove Domains LLC,1
2878,Secondround Names LLC,1
1015,MOBILE.CO DOMAINS CORP.,1
2532,DropCatch.com 773 LLC,1
2667,DropCatch.com 908 LLC,1
2507,DropCatch.com 748 LLC,1
2570,DropCatch.com 811 LLC,1
2804,DropCatch.com 1045 LLC,1
2418,"Pheenix 44, LLC",1
2565,DropCatch.com 806 LLC,1
2896,Touchdown Domains LLC,1
2870,Names Stop Here LLC,1
2651,DropCatch.com 892 LLC,1
2666,DropCatch.com 907 LLC,1
2225,DropCatch.com 745 LLC,1
2612,DropCatch.com 853 LLC,1
2735,DropCatch.com 976 LLC,1
2716,DropCatch.com 957 LLC,1
2882,Slow Motion Domains LLC,1
