united states,578538
china,198995
india,86293
canada,49274
germany,46097
france,20712
united kingdom,16099
spain,14317
turkey,14261
hong kong,13174
australia,11421
japan,9312
indonesia,5713
korea (south),5641
russian federation,5615
bahamas,5350
netherlands,4853
denmark,4539
malaysia,4494
cyprus,4297
vietnam,3451
united arab emirates,3402
italy,2728
brazil,2136
israel,1690
ukraine,1458
argentina,1419
poland,1280
mexico,960
czech republic,906
monaco,818
singapore,800
lithuania,595
luxembourg,555
norway,525
ireland,402
sweden,395
austria,383
barbados,313
south africa,270
cayman islands,252
panama,244
belgium,192
gibraltar,182
taiwan,175
greece,124
thailand,107
hungary,106
pakistan,93
morocco,72
nigeria,40
kuwait,23
switzerland,19
senegal,18
new zealand,10
jordan,9
ghana,3
burundi,3
honduras,3
latvia,2
costa rica,1
