registrarname,domains
"GODADDY.COM, LLC",60792
"ENOM, INC.",24349
PDR LTD. D/B/A PUBLICDOMAINREGISTRY.COM,20892
TUCOWS DOMAINS INC.,9817
"NETWORK SOLUTIONS, LLC.",5736
"WILD WEST DOMAINS, LLC",4911
"LAUNCHPAD.COM, INC.",3414
"GoDaddy.com, LLC (R171-LRMS)",3351
"NAME.COM, INC.",3347
"MELBOURNE IT, LTD. D/B/A INTERNET NAMES WORLDWIDE",3147
"FASTDOMAIN, INC.",2946
"ONLINENIC, INC.",2867
1 & 1 INTERNET AG,2856
"GoDaddy.com, LLC (R91-LROR)",2787
MARKMONITOR INC.,2730
"REGISTER.COM, INC.",2625
"CSC CORPORATE DOMAINS, INC.",2437
"DOMAIN.COM, LLC",2390
OVH,2285
,2279
FBS INC.,1822
HICHINA ZHICHENG TECHNOLOGY LTD.,1700
"GoDaddy.com, LLC",1653
BIGROCK SOLUTIONS LIMITED,1441
PDR Ltd. d/b/a PublicDomainRegistry.com (R27-LROR),1340
NETEARTH ONE INC. D/B/A NETEARTH,1285
"eNom, Inc. (R39-LROR)",1259
KEY-SYSTEMS GMBH,1253
INTERNET DOMAIN SERVICE BS CORP,1187
XIN NET TECHNOLOGY CORPORATION,1142
INTERNET.BS CORP.,1051
"NAMESILO, LLC",1035
MONIKER ONLINE SERVICES LLC,1003
EVOPLUS LTD,1002
"ASCIO TECHNOLOGIES, INC. DANMARK - FILIAL AF ASCIO TECHNOLOGIES, INC. USA",976
PDR Ltd. d/b/a PublicDomainRegistry.com,956
BEIJING INNOVATIVE LINKAGE TECHNOLOGY LTD. DBA DNS.COM.CN,945
CV. JOGJACAMP,882
WEB COMMERCE COMMUNICATIONS LIMITED DBA WEBNIC.CC,863
REALTIME REGISTER BV,856
"GMO INTERNET, INC. DBA ONAMAE.COM",854
CRAZY DOMAINS FZ-LLC,849
"DYNADOT, LLC",845
"BIZCN.COM, INC.",821
NICS TELEKOMUNIKASYON TICARET LTD.STI.,785
GANDI SAS,773
"eNom, Inc.",768
"CHENGDU WEST DIMENSION DIGITAL TECHNOLOGY CO., LTD.",759
"DNC HOLDINGS, INC.",754
"DREAMHOST, LLC",728
TLD REGISTRAR SOLUTIONS LTD,721
1&1 INTERNET SE,714
UNIVERSO ONLINE S/A (UOL),618
REGISTER.IT SPA,610
HEBEI GUOJI MAOYI (SHANGHAI) LTD DBA HEBEIDOMAINS.COM,586
"Network Solutions, LLC (R63-LROR)",586
MESH DIGITAL LIMITED,569
WEBFUSION LTD.,560
GAL COMMUNICATION (COMMUNIGAL) LTD.,538
"IHS TELEKOM, INC.",532
Namecheap,525
"Chengdu West Dimension Digital Technology Co., Ltd.",524
DATTATEC.COM SRL,503
Tucows Inc. (R11-LROR),499
1&1 Internet AG (R113-LRMS),478
REGISTRAR OF DOMAIN NAMES REG.RU LLC,446
NET 4 INDIA LIMITED,431
"ARSYS INTERNET, S.L. D/B/A NICLINE.COM",425
"SHANGHAI MEICHENG TECHNOLOGY INFORMATION DEVELOPMENT CO., LTD.",410
1 API GMBH,405
CSL COMPUTER SERVICE LANGENBACH GMBH D/B/A JOKER.COM,403
"REGIONAL NETWORK INFORMATION CENTER, JSC DBA RU-CENTER",399
"TLDS, LLC DBA SRSPLUS",386
"GODADDY.COM, INC.",383
"eNom, Inc. (R126-LRMS)",380
NETREGISTRY PTY. LTD.,360
"PSI-USA, INC. DBA DOMAIN ROBOT",345
"35 TECHNOLOGY CO., LTD",327
CRONON AG,325
Jiangsu bangning science  technology Co,323
CV. RUMAHWEB INDONESIA,322
"EVERYONES INTERNET, LTD. DBA SOFTLAYER",322
MAT BAO TRADING & SERVICE COMPANY LIMITED D/B/A MAT BAO,300
"DOMAINPEOPLE, INC.",299
PT ARDH GLOBAL INDONESIA,294
UNIREGISTRAR CORP,291
Alpnames Limited,288
Chengdu west dimension digital,282
P.A. VIET NAM COMPANY LIMITED,270
"Wild West Domains, LLC (R120-LROR)",270
"GKG.NET, INC.",261
Tucows Domains Inc.,258
"Wild West Domains, LLC",252
HOSTING CONCEPTS B.V. D/B/A OPENPROVIDER,246
Tucows Domains Inc. (R139-LRMS),243
"DYNAMIC NETWORK SERVICES, INC",243
"REG2C.COM, INC.",243
ESTRATEGIAS WEBSITE S.L.,243
EURODNS S.A,238
"Wild West Domains, LLC (R213-LRMS)",236
"GoDaddy.com, LLC (146)",236
"NEW DREAM NETWORK, LLC",234
Tucows Inc.,233
"INSTRA CORPORATION PTY, LTD.",229
TIERRANET INC. D/B/A DOMAINDISCOVER,226
"Name.com, LLC (R1288-LROR)",225
HOSTINGER UAB,223
ONLINE SAS,220
CLOUD GROUP LIMITED,214
SHINJIRU MSC SDN BHD,212
Alibaba Cloud Computing Ltd. d/b/a HiChina (www.net.cn),212
LIQUIDNET LTD.,207
VAUTRON RECHENZENTRUM AG,204
JIANGSU BANGNING SCIENCE & TECHNOLOGY CO. LTD,202
"NAMECHEAP, INC.",199
PDR Ltd. d/b/a PublicDomainRegistry.com (R159-LRMS),198
"DOMAINSITE, INC.",195
101Domain,193
"Network Solutions, LLC",190
DINAHOSTING SL,188
FastDomain Inc. (R1455-LROR),181
"Name.com, inc.",181
"Melbourne IT, Ltd (R52-LROR)",181
"DELUXE SMALL BUSINESS SALES, INC. D/B/A APLUS.NET",179
GOOGLE INC.,179
DomainContext Inc. (R524-LRMS),175
TPP WHOLESALE PTY LTD.,175
"SOLUCIONES CORPORATIVAS IP,SLU",173
"GMO Internet, Inc. d/b/a Onamae.com (R110-LRMS)",173
"GABIA, INC.",171
"Domain.com,LLC (R656-LRMS)",168
"NameCheap, Inc.",166
"Todaynic.com, Inc.",165
FABULOUS.COM PTY LTD.,165
NEUBOX INTERNET SA DE CV,164
Launchpad.com Inc. (R1860-LROR),163
"OMNIS NETWORK, LLC",158
"THE REGISTRY AT INFO AVENUE, LLC D/B/A SPIRIT COMMUNICATIONS",156
"ENAME TECHNOLOGY CO., LTD.",151
Key-Systems,148
"NAMEKING.COM, INC.",148
NAMEBAY,148
ENom Inc.,145
"eNom, Inc (48)",144
"Domain.com, LLC (R1915-LROR)",144
Mesh Digital Limited (R517-LRMS),141
"ACENS TECHNOLOGIES, S.L.U.",140
Godaddy LLC,140
FBS Inc. (R1783-LROR),138
Crazy Domains FZ-LLC (R559-LRMS),136
WEST263 INTERNATIONAL LIMITED,134
UNITED-DOMAINS AG,133
1 & 1 Internet AG (R73-LROR),133
"ACTIVE REGISTRAR, INC.",133
"INTERPLANET, S.A DE C.V.",132
"GO CHINA DOMAINS, LLC",130
HOSTOPIA.COM INC. D/B/A APLUS.NET,129
NAMESECURE.COM,129
OnlineNIC Inc. (R64-LROR),127
"CSC Corporate Domains, Inc. (R24-LROR)",124
"10DENCEHISPAHARD, S.L",124
OVH (R135-LROR),123
"Register.com, Inc. (R71-LROR)",119
"New Dream Network, LLC dba DreamHost Web Hosting (R173-LROR)",119
"GO CANADA DOMAINS, LLC",119
"ADVANCED INTERNET TECHNOLOGIES, INC.",118
MarkMonitor Inc. (R37-LROR),118
"Go Daddy, LLC",116
"GO AUSTRALIA DOMAINS, LLC",115
ABOVE.COM PTY LTD.,115
EPAG DOMAINSERVICES GMBH,114
CENTER OF UKRAINIAN INTERNET NAMES,110
MINDS AND MACHINES LLC,110
PLANETDOMAIN PTY LTD.,110
NANJING IMPERIOSUS TECHNOLOGY CO. LTD.,108
"GO FRANCE DOMAINS, LLC",107
"GO MONTENEGRO DOMAINS, LLC",107
REGISTRYGATE GMBH,106
123-REG LIMITED,106
CCI REG S.A.,104
GRANSY S.R.O D/B/A SUBREG.CZ,104
PARAGON INTERNET GROUP LTD T/A PARAGON NAMES,104
SIBERNAME INTERNET AND SOFTWARE TECHNOLOGIES INC.,103
ENETICA PTY LTD,103
ZNET TECHNOLOGIES PVT LTD.,101
FBS Internet Technology Uluslarasi Ltd.sti,99
"ASCIO TECHNOLOGIES, INC.",98
Enom,98
GOOD DOMAIN REGISTRY PVT LTD.,96
Internet.bs Corp. (R1601-LROR),96
IP MIRROR PTE LTD. DBA IP MIRROR,95
NOMINALIA INTERNET S.L.,95
WEB4AFRICA INC,94
Name.com LLC (R279-LRMS),94
"INTERNET INVEST, LTD. DBA IMENA.UA",91
"GMO Internet, Inc. d/b/a Onamae.com",91
"EASYDNS TECHNOLOGIES, INC.",89
"TODAYNIC.COM, INC.",88
Gal Communication (CommuniGal) Ltd. (R41-LROR),86
FastDomain Inc.,84
NETART REGISTRAR SP. Z O.O.,84
"WEBAIR INTERNET DEVELOPMENT, INC.",84
"BRANDON GRAY INTERNET SERVICES, INC. DBA NAMEJUICE.COM",84
"GoDaddy.com, Inc.",83
shanghai meicheng technology information development co ltd,82
REBEL.COM CORP.,81
REGTIME LTD.,80
Internet Domain Service BS Corp,78
Mesh Digital Limited (R1728-LROR),76
TLD Registrar Solutions Ltd,74
"DOMAINCONTEXT, INC.",73
West263 International Limited,73
ASIA Registry R6-ASIA (700001),73
"XIAMEN CHINASOURCE INTERNET SERVICE CO., LTD.",73
Gandi SAS,73
"Name.com, Inc.",73
MIJN INTERNETOPLOSSING B.V.,73
"BOTTLE DOMAINS, INC.",72
EvoPlus Ltd. (R1823-LROR),72
Launchpad.com Inc.,71
EASYSPACE LTD.,69
GMO,68
Key-Systems GmbH,67
TRUNKOZ TECHNOLOGIES PVT LTD. D/B/A OWNREGISTRAR.COM,67
"Dynadot, LLC (R1266-LROR)",67
GoDaddy,66
DOMAINSATCOST.CA CORP,66
DOMAINREGI LLC,64
"Melbourne IT, Ltd",63
DOTNAME KOREA CORP,62
UK-2 LIMITED,61
Launchpad.com Inc. (R619-LRMS),61
"ELB GROUP, INC.",60
"COREHUB, S.R.L.",60
Gandi SAS (R42-LROR),60
FBS Inc. (R551-LRMS),60
Name.com LLC,59
OVH (R268-LRMS),59
ACTIVE 24 AS,59
SHANGHAI YOVOLE NETWORKS INC.,58
"MISK.COM, INC.",58
AEROTEK BILISIM TAAHUT SANAYI VE TICARET LTD STI.,58
FBS Inc.,58
"Register.com, Inc.",57
Mesh Digital Limited,57
NAMESCOUT CORP,57
Uniregistrar Corp,56
1 & 1 Internet AG,56
Key-Systems GmbH (R51-LROR),56
"Name.com, LLC",56
"IN2NET NETWORK, INC.",56
TLD Registrar Solutions Ltd.,56
NHAN HOA SOFTWARE COMPANY LTD,55
"CHENGDU FLY-DIGITAL TECHNOLOGY CO., LTD",55
Key-Systems GmbH (R124-LRMS),55
MELBOURNE IT LTD,55
VODIEN INTERNET SOLUTIONS PTE LTD,54
WEB WERKS INDIA PVT. LTD D/B/A ZENREGISTRY.COM,54
Moniker Online Services LLC (R145-LROR),54
SITENAME.COM LLC,54
"Limited Liability Company ""Registrar of domain names REG.RU""",54
"WHOISNETWORKS CO., LTD.",53
"Dynadot, LLC (R259-LRMS)",53
AB NAME ISP,53
HOSTEUR SARL,53
"007NAMES, INC.",53
LCN.COM LTD.,53
LOCAWEB SERVICOS DE INTERNET S/A DBA LOCAWEB,53
"HANGZHOU AIMING NETWORK CO.,LTD",52
"!# NO1 REGISTRAR, LLC",52
ERANET INTERNATIONAL LIMITED,52
"TECNOCRATICA CENTRO DE DATOS, S.L.",52
BLACKNIGHT INTERNET SOLUTIONS LTD,51
VITALWERKS INTERNET SOLUTIONS LLC DBA NO-IP,51
"Namesilo, LLC (R1843-LROR)",51
"101DOMAIN, INC.",51
SILICONHOUSE.NET PVT LTD.,51
"OnlineNIC, Inc. (R170-LRMS)",50
UPPERLINK LIMITED,50
"WINGU NETWORKS, S.A DE C.V.",50
SYNERGY WHOLESALE PTY LTD,49
RETHEM HOSTING LLC,49
"NETWORK INFORMATION CENTER MEXICO, S. C.",49
GUANGDONG NAISINIKE INFORMATION TECHNOLOGY CO LTD,48
"Dynadot, LLC",48
"Ascio Technologies, Inc. Danmark - Filial af Ascio technologies, Inc. USA (R76-LROR)",48
GUANGZHOU EHOST TECH.CO.LTD.,48
Xin Net Corp,47
Namecheap Inc.,47
ALANTRON BILISIM LTD STI.,46
OVH SARL,46
"Regional Network Information Center, JSC dba RU-CENTER",46
DOMAIN CENTRAL AUSTRALIA PTY LTD.,45
"DOMAINSHYPE.COM, INC.",45
PlanetDomain Pty Ltd,45
SAFENAMES LTD,44
1API GmbH,44
INTERNETWORX LTD. & CO. KG,44
"Domain.com, LLC",43
Nics Telekomunikasyon Ticaret Ltd. Sti. (R1812-LROR),43
Crazy Domains FZ-LLC,43
PAIR NETWORKS INC.D/B/A PAIRNIC,43
"INTERDOMINIOS, INC.",42
PDR Ltd. d/b/a PublicDomainRegistry.com R28-ASIA (303),42
"Dynamic Network Services, Inc. (R1450-LROR)",42
NAMECHEAP,42
"NAUGUS LIMITED, LLC.",41
NetEarth One Inc. d/b/a NetEarth (R1902-LROR),41
"DNC Holdings, Inc. (R48-LROR)",40
WORLD4YOU INTERNET SERVICES GMBH,40
"BLUE RAZOR DOMAINS, LLC",40
"ONLINENIC, INC. D/B/A CHINA-CHANNEL.COM",40
EvoPlus Ltd. (R3298-AGRS),40
"Namesilo, LLC",39
XinNet Technology Corporation,39
"OnlineNIC, Inc.",39
EVOPLUS LTD.,39
Fastdomain Inc. (R397-LRMS),39
NETWORK SOLUTIONS INC.,38
NetEarth One Inc. dba NetEarth (R459-LRMS),38
"SOLUCIONES CORPORATIVAS IP, SL",38
CJSC REGISTRAR R01,38
1&1 Internet SE,37
"Ascio Technologies, Inc. Danmark - Filial af Ascio technologies, Inc. USA",37
PDR Ltd,37
OPENTLD B.V.,37
"IHS Telekom, Inc. (R1705-LROR)",37
"Melbourne IT, Ltd (R141-LRMS)",36
Net 4 India Limited (R1434-LROR),36
MEGAZONE CORP. DBA HOSTING.KR,36
PDR Ltd. d/b/a PublicDomainRegistry.com (R2339-PRO),35
"NETOWL, INC.",35
BigRock Solutions Ltd. R237-ASIA (1495),35
"CLICK REGISTRAR, INC. D/B/A PUBLICDOMAINREGISTRY.COM",35
LAUNCHPAD.COM INC.,35
"NameCheap, Inc",35
"GMO Internet, Inc. d/b/a Onamae.com (R43-LROR)",35
Realtime Register B.V. (R1336-LROR),35
TLD Registrar Solutions Ltd. (R2011-LROR),35
"MARCARIA.COM, INTERNATIONAL, INC.",34
OVH sas,34
"Shanghai Meicheng Technology Information Development Co., Ltd.",33
Cloud Group Limited (R212-LRMS),33
DOMENESHOP AS,33
"Register.com, Inc. (R140-LRMS)",33
FOSHAN YIDONG NETWORK CO. LTD,33
HETZNER ONLINE AG,32
"TURNCOMMERCE, INC. DBA NAMEBRIGHT.COM",32
"WILD WEST DOMAINS, INC.",32
"GMO INTERNET, INC. D/B/A ONAMAE.COM",32
Regional Network Information Center JSC dba RU-CENTER (R2369-PRO),32
"Bizcn.com, Inc.",32
"Network Solutions, LLC (R122-LRMS)",31
Register.IT SPA (R124-LROR),31
CV. Rumahweb Indonesia,31
MEDIA ELITE HOLDINGS LIMITED,31
Realtime Register B.V.,31
OnlineNIC Inc.,31
REBEL.CA CORP.,31
united-domains AG,31
GENIOUS COMMUNICATIONS SARL/AU,31
FAST DOMAIN INC.,31
Dynadot LLC,31
CV. Jogjacamp (R1830-LROR),30
GUANGDONG JINWANBANG TECHNOLOGY INVESTMENT CO. LTD.,30
URL SOLUTIONS INC.,30
Xin Net Technology Corp.,30
MAFF INC.,30
"TECNOLOGIA, DESARROLLO Y MERCADO S. DE R.L. DE C.V.",30
PAPAKI LTD,30
"NET-CHINESE CO., LTD.",29
DOMAIN THE NET TECHNOLOGIES LTD.,29
"EPIK, INC.",29
TLDS L.L.C. d/b/a SRSPlus (R78-LROR),29
Xin Net Technology Corporation,29
FBS Inc. (1110),28
Chengdu west,28
BADGER INC,28
"LLC ""REGISTRAR OF DOMAIN NAMES REG.RU""",27
CSL Computer Service Langenbach GmbH d/b/a joker.com (R161-LRMS),27
CSL Computer Service Langenbach GmbH d/b/a joker.com a German GmbH (R25-LROR),27
xiamen chinasource internet service co. ltd.,27
Internet.bs Corp. (R457-LRMS),27
"JAPAN REGISTRY SERVICES CO., LTD.",27
"Arsys Internet, S.L. dba NICLINE.COM (R144-LROR)",27
"IGNITELA, INC",27
"XIAMEN NAWANG TECHNOLOGY CO., LTD",27
"GoDaddy.com, LLC R45-ASIA (146)",27
NETART SP Z O.O,27
Registrar of Domain Names REG.RU LLC (R1943-LROR),26
"Tucows Domains, Inc.",26
Minds and Machines LLC,26
"Namesilo, LLC (R620-LRMS)",26
Dattatec.com SRL (R1737-LROR),26
Moniker Online Services LLC (R245-LRMS),26
"Foshan YiDong Network Co., LTD",26
Cronon AG,26
BIGROCK SOLUTIONS LTD.,25
TPP DOMAINS PTY LTD. DBA TPP INTERNET,25
1&1 Internet AG,25
"CATALOG.COM, INC.",25
ABU-GHAZALEH INTELLECTUAL PROPERTY DBA TAGIDOMAINS.COM,25
LIGNE WEB SERVICES SARL,24
MarkMonitor Inc. (R151-LRMS),24
"COSMOTOWN, INC.",24
BINERO AB,24
Cloud Group Limited,24
Crazy Domains FZ - LLC,23
SERVER PLAN SRL,23
One.com,22
NAME.COM,22
Web Commerce Communications Limited dba WebNic.cc (R140-LROR),22
Google Inc.,22
TOTAL WEB SOLUTIONS LIMITED TRADING AS TOTALREGISTRATIONS,22
10dencehispahard S.L. (CDmon.com),22
"INAMES CO., LTD.",22
"Limited Liability Company ""Registrar of domain names REG.RU"" (R681-LRMS)",22
"DOTARAI CO,. LTD.",22
WEBNAMES.CA INC.,21
CSL Computer Service Langenbach GmbH d/b/a joker.com,21
"YENKOS, LLC",21
"Registrar of Domain Names REG.RU, LLC",21
Hichina Zhicheng Technology Limited (R1373-LROR),20
1API GmbH (R509-LRMS),20
"DNC Holdings, Inc.",20
"22NET, INC.",20
1API GmbH (R1724-LROR),20
"MONIKER ONLINE SERVICES, LLC",20
NORDNET,20
EvoPlus Ltd. (R589-LRMS),20
Cronon AG (R110-LROR),20
THE REGISTRAR COMPANY B.V.,20
BIZCN COM  INC,20
PDR Ltd.,19
Web Commerce Communications Limited dba WebNic.cc,19
"Domain.com,LLC",19
"POCKETDOMAIN.COM, INC",19
"GMO Internet, Inc. d/b/a Onamae.com (49)",19
ShenZhen HuLianXianFeng Technology,19
Name.com LLC (625),19
"Regional Network Information Center, JSC dba RU-CENTER (R148-LROR)",19
DOTROLL KFT.,19
Nominalia,18
REGISTER.CA INC.,18
Tucows.com Co.,18
VISESH INFOTECNICS LTD. D/B/A SIGNDOMAINS.COM,18
NETIM SARL,17
"Hostinger, UAB",17
TLD Registrar Solutions Ltd. (R724-LRMS),17
"Xiamen Nawang Technology Co., Ltd",17
"CORPORATE DOMAINS, INC.",17
Dotserve Inc,17
PlanetDomain Pty Ltd (R134-LROR),17
"DomainPeople, Inc. (R30-LROR)",17
1&1 Internet SE (TLDs),17
INTERLAKENAMES.COM LLC,17
UDOMAINNAME.COM LLC,17
"REGISTER4LESS, INC.",17
"FIRSTSERVER, INC.",17
Xin Net Technology Corporation (R118-LROR),17
"Deluxe Small Business Sales, Inc. d/b/a Aplus.net",17
Name.com,17
"Key-Systems, LLC",17
"New Dream Network, LLC dba DreamHost Web Hosting",16
1&1 INTERNET AG,16
Spot Domain LLC dba Domainsite.com (R87-LROR),16
"GKG.NET, INC. (R164-LROR)",16
Gransy s.r.o. d/b/a subreg.cz (R1863-LROR),16
NetEarth One Inc. d/b/a NetEarth,16
Dattatec.com SRL,16
LIGNE WEB SERVICES SARL DBA LWS,16
Mat Bao Trading & Service Company Limited d/b/a Mat Bao (R1911-LROR),16
NETTUNER CORP. DBA WEBMASTERS.COM,16
REGISTER.IT SPA (R228-LRMS),16
"THREADAGENT.COM, INC.",16
"MARKMONITOR, INC.",16
Vautron Rechenzentrum AG,16
P.A. Viet Nam Company Limited (R1970-LROR),16
PDR Ltd. d/b/a PublicDomainRegistry.com. (303),16
"eNom, Inc. (R3212-AGRS)",16
Cloud Group Limited (R123-LROR),15
Register.IT SPA,15
HOSTING UKRAINE LLC,15
Onlinenic Inc,15
"CSC Corporate Domains, Inc. (R129-LRMS)",15
"KOREACENTER.COM CO., LTD",15
"GoDaddy.com, LLC (R3218-AGRS)",15
NOM IQ LTD (DBA COM LAUDE),15
LEXSYNERGY LIMITED,15
"FREEPARKING DOMAIN REGISTRARS, INC",15
Crazy Domains FZ-LLC (R1789-LROR),15
"Encirca, Inc. (R2366-PRO)",15
"Go Canada Domains, LLC (R1557-LROR)",15
PHEENIX. INC.,14
Uniregistrar Corp (R1981-LROR),14
"Go China Domains, LLC (R1559-LROR)",14
Registrar of Domain Names REG.RU LLC,14
"PSI-USA, Inc. dba Domain Robot",14
Cronon AG (R199-LRMS),14
"Dynamic Network Services, Inc. (R377-LRMS)",14
Hostopia.com Inc. d/b/a Aplus.net (R14-LROR),14
DOMAINSTREETDIRECT.COM LLC,14
Key-Systems LLC,14
Key-Systems GmbH (269),14
"NETLYNX, INC.",14
DOMAININFO AB D/B/A DOMAININFO.COM,14
Mesh Digital Ltd,14
"Google, Inc.",14
BB ONLINE LTD,14
Public Domain Registry,14
"REGISTRATION TECHNOLOGIES, INC.",14
EuroDNS S.A.,14
DOMAINPARKBLOCK.COM LLC,14
NAMESPRO SOLUTIONS INC.,14
Vautron Rechenzentrum AG (R1782-LROR),14
Center of Ukrainian Internet Names dba UKRNAMES (R1787-LROR),13
Net 4 India Limited,13
"DomainPeople, Inc.",13
UBER AUSTRALIA E1 PTY LTD.,13
LiquidNet Ltd. (R1831-LROR),13
Tucows Domains Inc. (69),13
"0101 INTERNET, INC.",13
WEB WERKS INDIA PVT. LTD.,13
KHEWEUL.COM SA,13
Arsys,13
ZNET TECHNOLOGIES PVT LTD. D/B/A LEMONREGISTRY.COM,13
NET LOGISTICS PTY LTD.,13
"SHENZHEN HULIANXIANFENG TECHNOLOGY CO.,LTD",13
"DOMAIN-IT, INC.",13
EuroDNS S.A. (R1721-LROR),13
"Bizcn.com, Inc. (R1248-LROR)",13
Online SAS (R99-LROR),13
"NAMEPAL.COM, LLC",13
TierraNet Inc. dba DomainDiscover (R86-LROR),13
Eranet International Limited,13
2030138 ONTARIO INC. DBA NAMESBEYOND.COM AND DBA GOODLUCKDOMAIN.COM,12
"ENTORNO DIGITAL, S.A.",12
DOMAINSPROUTS.COM LLC,12
"Go Australia Domains, LLC (R1558-LROR)",12
"PACIFICDOMAINS, LLC",12
DIGIRATI INFORMATICA SERVICOS E TELECOMUNICACOES LTDA DBA HOSTNET.COM,12
Namebay (R54-LROR),12
FRESHBREWEDDOMAINS.COM LLC,12
ALPNAMES LIMITED,12
OVH (R2367-PRO),12
"Regional Network Information Center, JSC dba RU-CENTER (R383-LRMS)",12
SiliconHouse.Net Pvt. Ltd. (R1901-LROR),12
"NameCheap, Inc (R600-LRMS)",12
"MIDWESTDOMAINS, LLC",12
"Acens Technologies, S.L.U. (R49-LROR)",12
MVPDOMAINNAMES.COM LLC,12
Estrategias WebSite S.L. (R1917-LROR),12
Vautron Rechenzentrum AG (R567-LRMS),12
"! #1 HOST AUSTRALIA, INC.",12
NAMECROC.COM LLC,12
PT Ardh Global Indonesia (R1844-LROR),12
Hosting Concepts B.V. dba Openprovider (R689-LRMS),12
MAILCLUB SAS,12
"Dynamic Network Services, Inc.",11
WEB DRIVE LTD.,11
REGISTER NV DBA REGISTER.EU,11
Reg2C.com Inc. (R1358-LROR),11
NAMEVOLCANO.COM LLC,11
DOMAINSOUFFLE.COM LLC,11
"101domain, Inc.",11
APRIL SEA INFORMATION TECHNOLOGY CORPORATION,11
HETZNER ONLINE GMBH,11
NUXIT,11
SiliconHouse.Net Pvt. Ltd.,11
BELMONTDOMAINS.COM LLC,11
DOMAIN REGISTRATION SERVICES INC. DBA DOTEARTH.COM,11
SNOQULAMIEDOMAINS.COM LLC,11
EUTURBO.COM LLC,11
COMPUGLOBALHYPERMEGA.COM LLC,11
DOMAININTHEHOLE.COM LLC,11
CV. JOGJACAMP (R594-LRMS),11
BB ONLINE UK LTD,11
Nominalia Internet S.L. (R89-LROR),10
Dinahosting s.l.,10
THIRDFLOORDNS.COM LLC,10
Gandi SAS (R191-LRMS),10
easyDNS Technologies Inc. (R1247-LROR),10
REALTIME REGISTER B.V.,10
"INLANDDOMAINS, LLC",10
NetArt Registrar Sp. z o.o. (R581-LRMS),10
"DomainRegi, LLC (R1842-LROR)",10
GATEKEEPERDOMAINS.NET LLC,10
PAKNIC (PRIVATE) LIMITED,10
"Ascio Technologies, Inc. Danmark - Filial af Ascio technologies, Inc. USA (R117-LRMS)",10
EUNAMEFLOOD.COM LLC,10
MICROBREWEDDOMAINS.COM LLC,10
"BRANDON GRAY INTERNET SERVICES INC. (dba ""NameJuice.com"") (R1322-LROR)",10
Registrar.eu,10
NAMEEMPEROR.COM LLC,10
DOMAINSOFVALUE.COM LLC,10
DOMAINSINTHEBAG.COM LLC,10
"IHS Telekom, Inc.",10
"DNC Holdings, Inc. (R152-LRMS)",10
INTERWEB ADVERTISING D.B.A. PROFILE BUILDER,10
Tucows.com Co. (R2334-PRO),10
PSI USA,10
Enom Inc. R78-ASIA (48),10
CPS-DATENSYSTEME GMBH,10
DOMAINCLUB.COM LLC,10
"PSI-USA, Inc. dba Domain Robot (R68-LROR)",10
"Network Solutions, LLC (R2353-PRO)",10
FINDYOUANAME.COM LLC,10
"CYRUS THE GREAT, LLC",10
HTTP.NET INTERNET GMBH,10
OI INTERNET S/A,10
Instra Corporation Pty Ltd. (R1729-LROR),10
"NETPIA.COM, INC.",10
The Registry at Info Avenue d/b/a Spirit Telecom (R111-LROR),10
"PSI-USA, Inc. dba Domain Robot (R207-LRMS)",10
SOYOUWANTADOMAIN.COM LLC,10
Center of Ukrainian Internet Names (UKRNAMES) (R564-LRMS),10
"! #1 HOST ISRAEL, INC.",9
"Naugus Limited, Inc. (R1632-LROR)",9
"Wild West Domains, LLC (440)",9
DIAMATRIX C.C.,9
YOUDAMAIN.COM LLC,9
"Arsys Internet, S.L. dba NICLINE.COM",9
ENAMECO LLC,9
Fastdomain Inc.,9
DOMAININTHEBASKET.COM LLC,9
NAMEFINGER.COM LLC,9
OREGONURLS.COM LLC,9
TUCOWS.COM CO.,9
Realtime Register B.V. (R292-LRMS),9
AEROTEK BILISIM SANAYI VE TICARET AS,9
AlpNames Limited,9
Entorno Digital,9
JSC REGISTRAR R01,9
NOTSOFAMOUSNAMES.COM LLC,9
Hosting Concepts B.V. d/b/a Openprovider,9
DOMAINJUNGLE.NET LLC,9
BARONOFDOMAINS.COM LLC,9
"Soluciones Corporativas IP, SLU",9
"EASTEND DOMAINS, LLC",9
United-domains AG (R599-LRMS),9
"Everyones Internet, Ltd. dba SoftLayer (R1381-LROR)",9
ATAK DOMAIN HOSTING INTERNET VE BILGI TEKNOLOJILERI LIMITED SIRKETI D/B/A ATAK TEKNOLOJI,9
"NETEARTH ONE, INC.",9
CV. Rumahweb Indonesia (R1978-LROR),9
"Soluciones Corporativas IP, SLU (R1795-LROR)",9
"ARCTIC NAMES, INC.",9
DOMAINSOFCOURSE.COM LLC,9
NAMESALACARTE.COM LLC,9
"CENTURY ORIENTAL INTERNATIONAL CO., LTD.",9
"Deluxe Small Business Sales, Inc. d/b/a Aplus.net (R14-LROR)",9
"OnlineNIC, Inc. d/b/a China-channel.com",9
Instra Corporation Pty Ltd.,9
WILLAMETTENAMES.COM LLC,9
UDAMAIN.COM LLC,9
Gransy s.r.o. d/b/a subreg.cz (R612-LRMS),9
SITEFRENZY.COM LLC,9
SANTIAMDOMAINS.COM LLC,8
"WEB SITE SOURCE, INC",8
HANG ZHOU E-BUSINESS SERVICES CO.LTD.,8
ORANGE,8
DOMAINSOFTHEWORLD.NET LLC,8
ISERVEYOURDOMAIN.COM LLC,8
"World Biz Domains, LLC (R613-LRMS)",8
"DomainContext, Inc. (R1744-LROR)",8
CV. Jogjacamp,8
"GLOBAL DOMAINS INTERNATIONAL, INC. DBA DOMAINCOSTCLUB.COM",8
"GLOBAL DOMAINS INTERNATIONAL, INC.",8
1API GmbH (1387),8
DUCKBILLEDDOMAINS.COM LLC,8
DYNADOT LLC,8
united-domains AG (R1838-LROR),8
"JULIUS CAESAR, LLC",8
SAVETHENAME.COM LLC,8
DOMAINGAZELLE.COM LLC,8
OLDTOWNDOMAINS.COM LLC,8
Fabulous.com Pty Ltd. (R133-LROR),8
"10dencehispahard, S.L. (R1767-LROR)",8
OLDWORLDALIASES.COM LLC,8
"1 MORE NAME, LLC",8
DYNADOT4 LLC,8
Net-Chinese Co. Ltd. R60-ASIA (1336),8
NameSecure L.L.C.,8
"101Domain, Inc.",8
NAMEPANTHER.COM LLC,8
ZNet Technologies Pvt Ltd. d/b/a LemonRegistry.com (R1942-LROR),8
"pair Networks, Inc.d/b/a pairNIC (R103-LROR)",8
TLDS L.L.C. d/b/a SRSPlus,8
LOGICBOXES NAMING SERVICES LTD,8
AB NameISP,8
"HANGANG SYSTEMS, INC. D/B/A DOREGI.COM",8
Uniregistrar Corp (R704-LRMS),8
CSL Computer Service Langenbach GmbH d/b/a joker.com a German GmbH,8
EUNAMESOREGON.COM LLC,8
"CAT, INC. D/B/A NAMEZERO.COM",8
Web4Africa Inc. (R1311-LROR),8
"Go France Domains, LLC (R1555-LROR)",8
Gandi,8
GOSERVEYOURDOMAIN.COM LLC,8
Gransy s.r.o. d/b/a subreg.cz,8
"NETDORM, INC. DBA DNSEXIT.COM",8
"DOMAINNAME, INC.",8
EuroDNS SA,8
Dinahosting s.l. (R1469-LROR),8
Neubox Internet S.A. de C.V. (R1857-LROR),8
RAINYDAYDOMAINS.COM LLC,8
DEUTSCHE TELEKOM AG,8
DOMAINSALSA.COM LLC,8
RegistryGate GmbH (R428-LRMS),7
OVH SAS,7
BEARTRAPDOMAINS.COM LLC,7
SAMMAMISHDOMAINS.COM LLC,7
ADOMAINOFYOUROWN.COM LLC,7
DOMAINSOVERBOARD.COM LLC,7
Regtime Ltd. (R1602-LROR),7
ATOMICDOMAINNAMES.COM LLC,7
Omnis Network LLC (R101-LROR),7
Super Registry,7
PEARLNAMINGSERVICE.COM LLC,7
domains.coop,7
"DYNAMIC NETWORK SERVICES, INC.",7
RegistryGate GmbH (R1565-LROR),7
"NameSilo, LLC",7
"WEB COMMERCE COMMUNICATIONS, LTD.",7
INDIALINKS WEB HOSTING PVT.LTD.,7
DOMAINROYALE.COM LLC,7
Regtime Ltd. (R455-LRMS),7
EPAG Domainservices GmbH (R40-LROR),7
SILVERBACKDOMAINS.COM LLC,7
NAMEWEB BVBA,7
SAFEBRANDS SAS,7
PT Ardh Global Indonesia,7
PROTONDOMAINS.COM LLC,7
"DreamHost, LLC (R264-LRMS)",7
DOMAINHYSTERIA.COM LLC,7
ALLWORLDNAMES.COM LLC,7
Euro DNS,7
"Go Montenegro Domains, LLC (R1556-LROR)",7
SNAPPYREGISTRAR.COM LLC,7
BIGLIZARDDOMAINS.COM LLC,7
"WORLD BIZ DOMAINS, LLC",7
Name.com LLC (R3229-AGRS),7
EUROPEANCONNECTIONONLINE.COM LLC,7
Spot Domain LLC dba Domainsite.com (R263-LRMS),7
"ENOM1040, INC.",7
"DOMAINREGISTRY.COM, INC.",7
"101domain, Inc. (R1736-LROR)",7
"Chengdu West Dimension Digital Technology Co., LTD",7
"MYMANAGER, INC.",7
Beijing Innovative Linkage Technology Ltd. dba dns.com.cn (R1292-LROR),7
TierraNet Inc. dba DomainDiscover,7
DOMAINCAPITAN.COM LLC,7
DOMAINAMANIA.COM LLC,7
SHANGHAI BEST ORAY INFORMATION S&T CO. LTD.,7
OREGONEU.COM LLC,7
FRONTSTREETDOMAINS.COM LLC,7
Gransy s.r.o. d/b/a subreg.cz (R2363-PRO),7
ATLANTICFRIENDNAMES.COM LLC,7
"ASCIO TECHNOLOGIES, INC. DANMARK – FILIAL AF ASCIO TECHNOLOGIES, INC. USA",7
Minds and Machines LLC (R1740-LROR),6
DOMAINNAME HIGHWAY LLC,6
Web Commerce Communications Limited dba WebNic.cc (R234-LRMS),6
Melbourne IT,6
DYNADOT7 LLC,6
LCN.COM Ltd. (R1285-LROR),6
NAMEARSENAL.COM LLC,6
FLANCRESTDOMAINS.COM LLC,6
"! #1 HOST KOREA, INC.",6
PDR Ltd. d/b/a PublicDomainRegistry.com (R3274-AGRS),6
"! #1 HOST GERMANY, INC.",6
"ALEXANDER THE GREAT, LLC",6
Ascio,6
URL Solutions Inc.,6
EUROTRASHNAMES.COM LLC,6
OpenTLD B.V. (R1993-LROR),6
NETWORKING4ALL B.V.,6
"Internet Invest, Ltd. dba Imena.ua (R503-LRMS)",6
DOMAINSOFTHEDAY.NET LLC,6
TLDS INC.,6
DOMAINYETI.COM LLC,6
"Everyones Internet, Ltd. dba SoftLayer",6
NetArt Registrar Sp. z o.o. (R1808-LROR),6
YESNIC CO. LTD.,6
DomainContext Inc.,6
"World Biz Domains, LLC (R1856-LROR)",6
Gandi SAS (R2345-PRO),6
CENTER OF UKRAINIAN INTERNET NAMES DBA UKRNAMES,6
Online SAS (R197-LRMS),6
DOMAINRAKER.NET LLC,6
TIRUPATI DOMAINS AND HOSTING PRIVATE LIMITED,6
PDXPRIVATENAMES.COM LLC,6
DOMAINTIMEMACHINE.COM LLC,6
"ASADAL, INC.",6
"Network Solutions, LLC.",6
"! #1 HOST CHINA, INC.",6
Regtime Ltd.,6
Isimtescil,6
ZIGZAGNAMES.COM LLC,6
EuroDNS,6
"10dencehispahard, S.L.",6
DOMAINSAILS.NET LLC,6
Instra Corporation Pty Ltd,6
"DreamHost, LLC",6
"Soluciones Corporativas IP, SLU (R544-LRMS)",6
"Blue Razor Domains, LLC (R258-LRMS)",6
"Active Registrar, Inc. (R1709-LROR)",6
DOMAINSAREFOREVER.NET LLC,6
SKYKOMISHDOMAINS.COM LLC,6
"Advanced Internet Technologies, Inc. (AIT) (R232-LROR)",6
1API,6
DOMREG LTD.,6
FINDUANAME.COM LLC,6
TPP Wholesale Pty Ltd (R1378-LROR),6
MYPRECIOUSDOMAIN.COM LLC,6
Internet Domain Service BS Corp R277-ASIA (2487),6
DOMAINSOVEREIGNS.COM LLC,5
"eNOM, Inc (R2343-PRO)",5
CORE INTERNET COUNCIL OF REGISTRARS,5
"XIAMEN DOMAINS, INC.",5
DOMAINFALCON LLC,5
RU-CENTER,5
MASTEROFMYDOMAINS.NET LLC,5
Mijn InternetOplossing B.V. (R1939-LROR),5
Network Solutions LLC,5
DANCUE INC.,5
eNom,5
"Go Australia Domains, LLC (R425-LRMS)",5
COLUMBIANAMES.COM LLC,5
Gabia Inc. (R84-LROR),5
Shinjiru MSC Sdn Bhd (R725-LRMS),5
Todaynic com Inc,5
"OWN IDENTITY, INC",5
"New Dream Network, LLC dba DreamHost Web Hosting (R264-LRMS)",5
EPAG Domainservices GmbH (R133-LRMS),5
BB Online UK Limited (R20-LROR),5
Tecnocrática Centro de Datos S.L.,5
Shinjiru MSC Sdn Bhd,5
TIGER TECHNOLOGIES LLC,5
KUWAITNET GENERAL TRADING CO.,5
REGISTER.IT SPA (168),5
Domeneshop AS dba domainnameshop.com (R1439-LROR),5
KOREA INFORMATION CERTIFICATE AUTHORITY INC DBA DOMAINCA.COM,5
InterNetworX Ltd. & Co. KG (R1746-LROR),5
P.A. Viet Nam Company Limited (R684-LRMS),5
OCTOPUSDOMAINS.NET LLC,5
"DomainContext, Inc.",5
DOMAINARMADA.COM LLC,5
Tucows.com Co. R134-ASIA (69),5
Register.com,5
IMMINENTDOMAINS.NET LLC,5
Hosting Ukraine LLC,5
GOZERDOMAINS.COM LLC,5
BETTERTHANAVERAGEDOMAINS.COM LLC,5
HAWTHORNEDOMAINS.COM LLC,5
"Chengdu West Dimension Digital Technology Co., Ltd. (R1898-LROR)",5
"AMAZON REGISTRAR, INC.",5
"Click Registrar, Inc. d/b/a publicdomainregistry.com (R1935-LROR)",5
Omnis Network LLC,5
Paragon Internet Group Ltd,5
OURDOMAINS LIMITED,5
Uniregistry,5
Melbourne IT Limited,5
CHINA SPRINGBOARD INC.,5
"NAMESECURE.COM, INC.",5
DYNADOT6 LLC,5
FINDYOUADOMAIN.COM LLC,5
"MAFF AVENUE, INC.",5
"ATLANTIC DOMAINS, LLC",5
Above.com Pty Ltd. (R331-LRMS),5
DROPHUB.COM INC.,5
Google Inc. (R1356-LROR),5
NAMESILO,5
"Active Registrar, Inc.",5
REGISTER .IT SPA,5
ASIA Registry R6-ASIA (9996),5
"Internet Invest, Ltd. dba Imena.ua (R1723-LROR)",5
"VOLUSION, INC.",5
"NameSilo, LLC (1479)",5
NICS TELEKOMUNIKASYON TICARET LTD. STI.,5
Estrategias WebSite S.L. (R658-LRMS),5
Easyspace Limited (R36-LROR),5
"Regional Network Information Center, JSC",4
Hostopia.com Inc. d/b/a Aplus.net (R157-LRMS),4
united-domains AG (1408),4
"Misk.com, Inc. (R119-LROR)",4
TPP Wholesale Pty Ltd,4
AFRIREGISTER S.A.,4
PLANETHOSTER INC.,4
Jiangsu Bangning Science and technology Co. Ltd. (R1829-LROR),4
Dattatec.com SRL (R523-LRMS),4
INFOCOM NETWORK LTD.,4
"FUNPEAS MEDIA VENTURES, LLC DBA DOMAINPROCESSOR.COM",4
InterNetworX Ltd. & Co. KG (R537-LRMS),4
DOMAINLOCAL LLC,4
NAMEPAL.COM #8014,4
"NAME.NET, INC.",4
Hosting Concepts B.V.,4
Web Werks India Pvt. Ltd d/b/a ZenRegistry.com (R1587-LROR),4
"Blue Razor Domains, LLC",4
TIMES INTERNET LIMITED,4
"BRANDON GRAY INTERNET SERVICES INC. (dba ""NameJuice.com"")",4
"Ascio Technologies, Inc. - Denmark",4
Domains.COOP,4
MINDS + MACHINES REGISTRAR LIMITED,4
Neubox Internet S.A. de C.V.,4
EMPIRESTATEDOMAINS INC.,4
Network Solutions LLC (2),4
"Regional Network Information Center, JSC dba RU-CENTER (463)",4
"Net-Chinese Co., Ltd. (R1573-LROR)",4
1&1 Internet AG (TLDs),4
"Tecnocratica Centro de Datos, S.L.",4
"! #1 HOST CANADA, INC.",4
Domainarmada.com LLC (R1491-LROR),4
HEAVYDOMAINS.NET LLC,4
Mat Bao Trading & Service Company Limited d/b/a Mat Bao (R654-LRMS),4
"THREADWALKER.COM, INC.",4
NAMETURN LLC,4
BURNSIDEDOMAINS.COM LLC,4
NetEarth One Inc. dba NetEarth,4
NameSecure L.L.C. (R58-LROR),4
Hosteur SARL (R1715-LROR),4
DOMAINSCOUT.COM INC.,4
TECHORUS INC.,4
QuantumPages Technologies Pvt. Ltd. d/b/a OwnRegistrar.com (R1466-LROR),4
"HyperStreet.com, Inc.",4
TierraNet Inc. dba DomainDiscover (R183-LRMS),4
"! #1 HOST JAPAN, INC.",4
DROPWEEK.COM,4
"Arsys Internet, S.L. dba NICLINE.COM (R241-LRMS)",4
"NAME2HOST, INC. DBA NAME2HOST.COM",4
DYNADOT5 LLC,4
"007Names, Inc.",4
GODOMAINGO.COM LLC,4
Online SAS,4
Belmontdomains.com LLC (R1483-LROR),4
DOMAIN PEOPLE,4
"pair Networks, Inc.d/b/a pairNIC",4
"THREADWATCH.COM, INC.",4
ELB Group Inc (R317-LRMS),4
Rethem Hosting LLC (R714-LRMS),4
"DOMAINNAME DRIVEWAY, INC.",4
"GONAME-TX.COM, INC.",4
"Vitalwerks Internet Solutions, LLC DBA No-IP (R1731-LROR)",4
EuroDNS SA (R2374-PRO),4
Crazy Domains FZ-LLC (1291),4
NORDREG AB,4
"Az.pl, Inc (R1699-LROR)",4
1API GMBH,4
"ZHENGZHOU ZITIAN NETWORK TECHNOLOGY CO., LTD.",4
Hosting Concepts B.V. dba Openprovider,4
Estrategias WebSite S.L.,4
DOMAINHOOD LLC,4
Mesh Digital Limited (R3228-AGRS),4
Gandi SAS (81),4
EvoPlus Ltd,4
LAKEODOMAINS.COM LLC,4
Enetica PTY LTD,4
"Active Registrar, Inc. (R469-LRMS)",4
"HANGZHOU DIANSHANG INTERNET TECHNOLOGY CO., LTD.",4
"HANILNETWORKS CO., LTD.",4
"Blue Razor Domains, LLC (R1268-LROR)",4
LEDL.NET GMBH,4
"Webair Internet Development, Inc.",4
SW Hosting & Communications Technologies SL,4
Name.com LLC (R2371-PRO),4
Shinjiru MSC Sdn Bhd (R1999-LROR),4
Trunkoz Technologies Pvt Ltd. d/b/a OwnRegistrar.com,4
LiquidNet Ltd.,4
Nics Telekomunikasyon Ticaret Ltd. Sti.,4
"NAME117, INC.",4
Hosting Concepts B.V. d/b/a Openprovider (R1965-LROR),4
DOMAINCOMESAROUND.COM LLC,4
Above.com Pty Ltd (R1386-LROR),3
"GMO Internet, Inc.",3
"BIDFORDOMAINNAMES, LLC",3
HICHINA ZHICHENG TECHNOLOGY LIMITED,3
IP MIRROR PTE LTD,3
Server Plan Srl,3
BigRock Solutions Ltd,3
PlanetDomain Pty Ltd (R239-LRMS),3
United-domains AG,3
Melbourne IT Ltd,3
Network Solutions Inc.,3
NAMEPAL.COM #8025.,3
DROPFALL.COM INC,3
Reg2C.com Inc.,3
"SW HOSTING & COMMUNICATIONS TECHNOLOGIES, S.L.",3
Domeneshop AS dba domainnameshop.com,3
Melbourne IT Ltd (13),3
"HAZELDOMAINS, INC.",3
101domain Inc. (R2335-PRO),3
Baronofdomains.com LLC (R1481-LROR),3
"Soluciones Corporativas IP, SL",3
"10 Dencehispahard, S.L. (1403)",3
Crazy Domains FZ-LLC Dreamscape,3
Biglizarddomains.com LLC (R1477-LROR),3
NAMEPAL.COM #8007,3
INSANENAMES LLC,3
DROPWALK.COM INC.,3
Dinahosting S.L. (R396-LRMS),3
"PAINTED PONY NAMES, LLC",3
Domainhawks.net LLC (R1496-LROR),3
RegistryGate GmbH,3
KOREA SERVER HOSTING INC.,3
Rebel.com Corp. (R1272-LROR),3
"Marcaria.com International, Inc.",3
"Tucows Domains, Inc",3
Namebay SAM (R123-LRMS),3
Regtime Ltd. (1362),3
DOMAIN NAME NETWORK PTY LTD,3
NAMEPAL.COM #8003,3
DYNADOT8 LLC,3
"Dynadot, LLC (472)",3
GRADEADOMAINNAMES.COM LLC,3
Web4Africa Ltd.,3
"Xiamen Nawang technology Co., Ltd",3
easyDNS Technologies Inc.,3
FRENCH CONNEXION DBA DOMAINE.FR,3
Foshan YiDong Network Co.LTD,3
NetArt Sp z o.o,3
"In2net Network, Inc.",3
eName Technology Co. Ltd. (R1701-LROR),3
TUONOME.IT SRL,3
ASTUTIUM LIMITED,3
"Corehub, S.R.L.",3
Moniker Online Services LLC,3
"AZ.PL, INC",3
"Az.pl, Inc (R463-LRMS)",3
"AZ.PL, INC.",3
TLD REGISTRAR SOLUTIONS LTD.,3
"Corehub, S.R.L (R23-LROR)",3
Total Web Solutions Ltd. trading as TotalRegistrations (R79-LROR),3
DotRoll Kft. (R1866-LROR),3
"CSC Corporate Domains, Inc.",3
Nics Telekomunikasyon Ticaret Ltd. (R588-LRMS),3
DROPEXTRA.COM INC,3
NameSecure L.L.C. (30) (R120-LRMS),3
"GKG.NET, INC. (R260-LRMS)",3
"PROMO PEOPLE, INC.",3
Hichina Zhicheng Technology Limited,3
DOMAINHAWKS.NET LLC,3
EVERYONE'S INTERNET LTD.,3
WORTHYDOMAINS LLC,3
ZHUHAI NAISINIKE INFORMATION TECHNOLOGY CO LTD.,3
"Netowl, Inc. (R650-LRMS)",3
DROPCATCH.COM 551 LLC,3
FBS Inc,3
"Acens Technologies, S.L.U. (R125-LRMS)",3
Crazy Domains FZ-LLC R189-ASIA (1291),3
"In2net Network, Inc. (R1271-LROR)",3
UDomainName.com LLC (R1571-LROR),3
"CSC Corporate Domains, Inc (299)",3
CSL GmbH Computer Service Langenbach d/b/a joker.com (113),3
"DomainPeople, Inc. (R2340-PRO)",3
"Catalog.com, Inc (R98-LROR)",3
One.com A/S,3
"Ascio Technologies, Inc. - Denmark (R117-LRMS)",3
"Whois Networks Co., Ltd. (R82-LROR)",3
Interdomain,3
DOMAINDELIGHTS LLC,3
DOMAINWARDS.COM LLC,3
Spot Domain LLC dba Domainsite.com,3
NAMEBREW LLC,3
NORTHNAMES INC.,3
DISCOUNT DOMAINS LTD,3
XinNet Technology,3
Web Commerce Communications Limited R75-ASIA (460),3
Vautron Rechenzentrum AG (1443),3
"Registration Technologies, Inc. (R72-LROR)",3
"DOMAINNAME BRIDGE, INC.",3
"PORTLANDNAMES.COM, LLC",3
Moniker Online Services LLC (228),3
"DOMAINCLIP DOMAINS, INC",3
"THREADFACTORY.COM, INC.",3
Ligne Web Services SARL,3
Active 24 AS (R95-LROR),3
Easyspace Limited,2
Alantron Bilisim Ltd Sti.,2
INVISIBLEDOMAINS.COM INC,2
PREMIERENAME.CA INC.,2
"Advanced Internet Technologies, Inc. (AIT)",2
IPXCESS.COM SDN BHD,2
"OMNIS NETWORKS, LLC.",2
"Limited Liability Company ""Registrar of domain names REG.RU"" (R1943-LROR)",2
Freeparking Domain Registrars Inc. (R305-LRMS),2
INIC GMBH,2
NAMEFORWARD LLC,2
"GEORGE S. PATTON, LLC",2
Gransy s r o dba subreg cz,2
"A Technology Company, Inc. (R77-LROR)",2
"007Names, Inc. (R8-LROR)",2
CSL COMPUTER SERVICE (D.B.A. JOKER.COM),2
"IHS Telekom, Inc. (R491-LRMS)",2
"Megazone Corp., dba HOSTING.KR R204-ASIA (1489)",2
"Internet Invest, Ltd. dba Imena.ua",2
"101domain, Inc",2
"REGISTER NAMES, LLC",2
NAMEPAL.COM #8013,2
Mijn InternetOplossing B.V. (R657-LRMS),2
NETIM SARL (R1905-LROR),2
Mesh Digital Limited (R2385-PRO),2
TLD Registrar Solutions Ltd. (1564),2
eName Technology Co. Ltd.,2
"NAME104, INC",2
Binero AB,2
"DNC Holdings, Inc. (R3207-AGRS)",2
"DATAHOTEL CO., LTD.",2
NAMESHERE LLC,2
NAMEPAL.COM #8028,2
NETIM SARL (R653-LRMS),2
ARSYS INTERNET SL DBA NICLINE.COM,2
"INTERSOLVED-TN.COM, INC.",2
"NAME113, INC.",2
"PSI-JAPAN, INC.",2
NAMEPAL.COM #8026.,2
OpenTLD B.V. (R716-LRMS),2
NAMEPAL.COM #8002,2
DomainsAtCost Corporation (R1754-LROR),2
"GONAME-TN.COM, INC.",2
INTERDOTCOM CORP.,2
Vodien Internet Solutions Pte Ltd,2
"Wild West Domains, LLC R76-ASIA (440)",2
Marcaria Inc,2
101Domain Inc,2
VENTRAIP GROUP (AUSTRALIA) PTY LTD TRADING AS VENTRAIP WHOLESALE,2
"DOMAINTOORDER, LLC",2
BigRock Solutions Ltd. (R1841-LROR),2
BULLRUNDOMAINS.COM LLC,2
AB Name ISP,2
Azdomainz LLC (R1733-LROR),2
"NAME105, INC",2
Web Werks India pvt (R1587-LROR),2
"Freeparking Domain Registrars, Inc. (R1352-LROR)",2
Web Commerce Communications Ltd.,2
PT Ardh Global Indonesia (R604-LRMS),2
Tucows,2
DESCHUTESDOMAINS.COM LLC,2
"Register4Less, Inc.",2
"Vitalwerks Internet Solutions, LLC (R1731-LROR)",2
"FLAPPY DOMAIN, INC.",2
Kheweul.com SA (R1941-LROR),2
Open SRS,2
PAKNIC LIMITED,2
Biglizarddomains.com LLC,2
HOGAN LOVELLS INTERNATIONAL LLP,2
EuroDNS SA (R505-LRMS),2
Soluciones Corporativas IP SLU (R2347-PRO),2
"Network Solutions, LLC R213-ASIA (2)",2
"Shanghai Meicheng Technology Information Development Co., Ltd. R232-ASIA (1621)",2
EPAG Domainservices GmbH (R2344-PRO),2
"eNom, Inc",2
InterNetworX Ltd. & Co. KG,2
Namespro Solutions Inc.,2
"Register Names, LLC",2
Paragon Internet Group Ltd t/a Paragon Names,2
OpenTLD B.V.,2
101 Domain,2
NAMEPAL.COM #8023.,2
"Acens Technologies, S.L.U.",2
DOMAINCRITICS LLC,2
Inames Co. Ltd. (R146-LROR),2
"BEIJING SANFRONT INFORMATION TECHNOLOGY CO., LTD",2
Netlynx Inc. (R1706-LROR),2
DOMAINPRIME.COM LLC,2
HiChina Zhicheng Technology Ltd.,2
Web4Africa Inc.,2
INTERNETTERS LTD.,2
1&1,2
"DomainRegi, LLC",2
"Whois Networks Co., Ltd.",2
DEMYS LIMITED,2
ALLEARTHDOMAINS.COM LLC,2
Active 24 AS (R198-LRMS),2
Synergy Wholesale Pty Ltd,2
"Interdominios, Inc. (R1363-LROR)",2
NAMEJOLT.COM LLC,2
ASCIO Technologies Inc – DK Branch,2
KLAATUDOMAINS.COM LLC,2
Crazy Domains,2
Gabia Inc.,2
Aerotek Bilisim Taahut Sanayi Ve Ticaret Ltd Sti. (R1878-LROR),2
Betterthanaveragedomains.com LLC (R1484-LROR),2
Marcaria.com Corp,2
"GEORGE WASHINGTON 888, LLC",2
INTERNET GROUP DO BRASIL S/A,2
"DNSPOD, INC.",2
"Corehub, S.R.L. (R135-LRMS)",2
"Web Site Source, Inc. (R1799-LROR)",2
Register.com (9),2
"KQW, INC.",2
"XIAMEN DIANMEI NETWORK TECHNOLOGY CO., LTD.",2
"Global Domains International, Inc.",2
DYNADOT11 LLC,2
Gransy s.r.o.,2
VARIOMEDIA AG DBA PUREDOMAIN.COM,2
DYNADOT3 LLC,2
MEGAZONE CORP.,2
DROPCATCH.COM 624 LLC,2
BullRunDomains.com LLC (R1485-LROR),2
"GENGHIS KHAN, LLC",2
"FUNPEAS MEDIA VENTURES, LLC",2
"#1 INTERNET SERVICES INTERNATIONAL, INC. DBA 1ISI",2
"NAME120, INC.",2
Domaincomesaround.com LLC (R418-LRMS),2
Binero AB (1581),2
GMO Internet Inc dba Onamae.com,2
BB Online UK Limited,2
Upperlink Limited (R2033-LROR),2
Paragon Internet Group Ltd t/a Paragon Names (R2005-LROR),2
"NAME109, INC.",2
"EnCirca, Inc (455)",2
Blacknight Internet Solutions Ltd. (R1806-LROR),2
ZOOMREGISTRAR LLC,2
"NAME119, INC.",2
ZNet Technologies Pvt Ltd. d/b/a LemonRegistry.com,2
Badger Inc.,2
THENAMECO LLC,2
Inames Co. Ltd.,2
"THREADBOT.COM, INC",2
Synergy Wholesale PTY LTD,2
Burnsidedomains.com LLC (R1486-LROR),2
Domaincomesaround.com LLC (R1494-LROR),2
LITEDOMAINS LLC,2
"URL Solutions, Inc.",2
Web Werks India Pvt. Ltd d/b/a ZenRegistry.com,2
101Domain Inc (1011),2
"Everyones Internet, Ltd. dba resellone.net",2
Alibaba Cloud Computing Ltd. d/b/a HiChina (www.net.cn) (R4279-ACRS),2
ANESSIA INC.,2
Host Europe Group,2
MarkMonitor Inc.,2
101domain GRS Limited,2
DOMAINADMINISTRATION.COM LLC,2
Columbianames.com LLC (R1487-LROR),2
CAMPOINT AG,2
"FUJIAN DOMAINS, INC.",2
AtlanticFriendNames.com LLC (R1478-LROR),2
BRAVENAMES INC.,2
"Global Domains International, Inc. DBA DomainCostClub.com",2
BB Online UK Ltd. (R172-LRMS),2
"DNC Holdings, Inc",2
"GUANGZHOU MING YANG INFORMATION TECHNOLOGY CO., LTD",2
HOOYOO INFORMATION TECHNOLOGY CO.LTD.,2
Regtime Ltd,2
"BIG DOMAIN SHOP, INC",2
"Todaynic.com, Inc. (R1316-LROR)",2
Dynadot10 LLC (R2010-LROR),2
DOMAINEXTREME LLC,2
Papaki Ltd,2
ELB Group Inc,2
TPP Wholesale Pty Ltd. (R326-LRMS),2
NAMEPAL.COM #8018,2
Allworldnames.com LLC (R1476-LROR),2
NAMEPAL.COM #8012.,2
Hosteur SARL,2
DOMAINTACT LLC,2
"Shanghai Meicheng Technology Information Development Co., Ltd. (R1932-LROR)",2
Google Inc. (R307-LRMS),2
"ASIADOMAINS, INCORPORATED",2
Key-Systems GmbH (R2350-PRO),2
BR DOMAIN INC. DBA NAMEGEAR.CO,2
NameScout Corp. (R57-LROR),2
Openprovider,2
"Go France Domains, LLC (R427-LRMS)",2
Easyspace Ltd.,2
"GMO Internet, Inc. d/b/a Discount-Domain.com and Onamae.com R39-ASIA (49)",2
HOSTING UKRAINE LLC.,2
Moniker Online Services LLC (R3194-AGRS),2
P.A. Viet Nam Company Limited,2
"THREADWISE.COM, INC",2
DOMAINSURGEON.COM LLC,2
DROPCATCH.COM 700 LLC,2
NAMELING.COM LLC,2
"BACKSLAP DOMAINS, INC",2
MAFF Inc.,2
Internet.bs Corp. (814),2
IP Mirror Pte Ltd dba IP MIRROR R51-ASIA (890),2
"DOMAINNAME FWY, INC.",2
"VISUAL MONSTER, INC",2
NameSecure L.L.C. (30),1
DOMAIN SECURE LLC,1
1und1,1
"ARAB INTERNET NAMES, INCORPORATED",1
"Hangzhou AiMing Network Co., LTD (R1896-LROR)",1
"IMPERIAL REGISTRATIONS, INC.",1
TotalRegistrations dba Total Web Solutions,1
NAMESTRATEGIES LLC,1
"VITALWERKS INTERNET SOLUTIONS, LLC",1
CHENGDU FLY DIGITAL TECHNOLOGY CO LTD,1
IP Mirror Pte Ltd dba IP Mirror (R1354-LROR),1
Badger Inc. (R663-LRMS),1
"35 Technology Co., Ltd. R92-ASIA (1316)",1
DROPCATCH.COM 606 LLC,1
TRADENAMED LLC,1
LADAS DOMAINS LLC,1
"INTERSOLVED-FL.COM, INC.",1
Compuglobalhypermega.com LLC (R1488-LROR),1
TOP SHELF DOMAINS LLC,1
DROPCATCH.COM 631 LLC,1
DROPCATCH.COM 362 LLC,1
"DOMAINHOSTINGWEB, LLC",1
DROPJUMP.COM INC.,1
"YOURJUNGLE, INC.",1
NICTRADE INTERNET IDENTITY PROVIDER AB,1
Nhan Hoa Software Company Ltd.,1
"PHEENIX 90, LLC",1
"EnCirca, Inc.",1
"CLAIMEDDOMAINS, LLC",1
"Vitalwerks Internet Solutions, LLC DBA No-IP (R515-LRMS)",1
DROPCATCH.COM 616 LLC,1
"PSI-USA, Inc (151)",1
Mesh Digital Limited (1390),1
"Domaininfo AB, aka domaininfo.com",1
"EnomAte, Inc. (R1586-LROR)",1
TLDs L.L.C. d/b/a SRSPlus (R186-LRMS),1
DROPCATCH.COM 345 LLC,1
Visesh Infotecnics Ltd. d/b/a Signdomains.com (249),1
French Connexion dba Domaine.fr (R1577-LROR),1
DROPCATCH.COM 611 LLC,1
RU-CENTER-MSK,1
DOMAINS2REGISTER.COM INC.,1
"Marcaria.com International, Inc. (R1966-LROR)",1
Dotname Korea Corp. (R1468-LROR),1
DROPCATCH.COM 542 LLC,1
"POWER CARRIER, INC.",1
InternetX GmbH,1
DROPCATCH.COM 608 LLC,1
DROPCATCH.COM 386 LLC,1
NAMEPAL.COM #8017,1
DROPCATCH.COM 870 LLC,1
Alantron Bilisim Ltd Sti. (R1371-LROR),1
Dynadot4 LLC (R2019-LROR),1
ZhuHai NaiSiNiKe Information Technology Co Ltd,1
GABIA C&S,1
Center of Ukrainian Internet Names (UKRNAMES),1
Domain Name Inc. (R138-LROR),1
Neubox Internet S.A. de C.V. (R615-LRMS),1
"NAME108, INC.",1
DROPCATCH.COM 511 LLC,1
DROPCATCH.COM 360 LLC,1
NAMEPAL.COM #8015,1
"THREADTRADE.COM, INC",1
"35 Technology Co., Ltd. (R1698-LROR)",1
"ULYSSES S. GRANT, LLC",1
Gandi SAS R102-ASIA (81),1
SOUTHNAMES INC.,1
INTERNET NETWORKS S.A. DE C.V.,1
DROPSAVE.COM INC,1
In2net Network Inc. (R247-LRMS),1
http.net Internet GmbH (R1448-LROR),1
"Go Montenegro Domains,LLC",1
Gal Communication (CommuniGal) Ltd.,1
CPS-Datensystems GmbH (R1464-LROR),1
DROPCATCH.COM 686 LLC,1
SLOW MOTION DOMAINS LLC,1
CPS-Datensysteme GmbH (R385-LRMS),1
"Japan Registry Services Co, Ltd (R595-LRMS)",1
Allearthdomains.com LLC (R1480-LROR),1
KuwaitNET General Trading Co.,1
DROPCATCH.COM 464 LLC,1
2030138 Ontario Inc. dba NamesBeyond.com and dba GoodLuckDomain.com,1
NAME TRANCE LLC,1
DROPCATCH.COM 703 LLC,1
DOTALLIANCE INC,1
TPP DOMAINS DBA TPP INTERNET,1
"URL Solutions, Inc. (R3294-AGRS)",1
Netim,1
GO AUSTRALIA DOMAINS INC,1
INTERSOLVED-WA.COM INC.,1
"NEW ORDER DOMAINS, LLC",1
DROPCATCH.COM 526 LLC,1
Ourdomains Limited (R1972-LROR),1
1API GmbH R139-ASIA (1387),1
"SOLUCIONES CORPORATIVAS IP, SLU",1
DROPCATCH.COM 559 LLC,1
"CHOCOLATECOVEREDDOMAINS, LLC",1
"CHOCOLATECHIPDOMAINS, LLC",1
Namebay SAM,1
Tucows.com Co,1
Nordnet SA,1
DomainRegi LLC (R602-LRMS),1
NAME CONNECTION SPOT LLC,1
ZA Proxy Registrar,1
"ATTILA THE HUN, LLC",1
The Registrar Company B. V. (R698-LRMS),1
DROPCATCH.COM 649 LLC,1
Domeneshop AS (R367-LRMS),1
"VO NGUYEN GIAP, LLC",1
OVH (433),1
Domainhawks.net LLC (R420-LRMS),1
"DomainName, Inc.",1
CV. JOGJACAMP R207-ASIA (1478),1
BigRock Solutions Ltd.,1
"Click Registrar, Inc. d/b/a publicdomainregistry.com",1
"Misk.com, Inc.",1
Nameking.com Inc. (R1465-LROR),1
Dynadot5 LLC (R2018-LROR),1
Nominalia Internet S.L.,1
NAMEPAL.COM #8019,1
Sibername Internet and Software Technologies Inc. (R1388-LROR),1
1API GmbH (R2384-PRO),1
Webagentur.at Internet Services GmbH d/b/a domainname.at (R277-LRMS),1
NameScout Corp. (R148-LRMS),1
GUANGDONG NAISINIKE INFORMATION TECHNOLOGY CO LTD.,1
Global Village GmbH,1
HOMESTEAD LIMITED DBA NAMEVAULT.COM,1
IP Mirror PTE LTD,1
MarkMonitor R53-ASIA (292),1
DROPCATCH.COM 435 LLC,1
Entorno Digital S.A,1
Beartrapdomains.com LLC (R405-LRMS),1
EuroDNS S.A. R36-ASIA (1052),1
DROPCATCH.COM 432 LLC,1
DROPCATCH.COM 350 LLC,1
"GKG NET, INC.",1
CSL Computer Service Langenbach GmbH d/b/a Joker.com,1
"DOMAIN THE NET TECHNOLOGIES, LTD.",1
DROPCATCH.COM 395 LLC,1
"995DISCOUNTDOMAINS, LLC",1
Visesh Infotecnics Ltd (R66-LROR),1
"35 Technology Co., Ltd.",1
BLOCKHOST LLC,1
Ascio Technologies Inc. Danmark - filial af Ascio Technologies Inc. USA,1
DROPCATCH.COM 383 LLC,1
AB Name ISP (R1697-LROR),1
"Marcaria.com International, Inc. (R710-LRMS)",1
Dynadot LLC R156-ASIA (472),1
Tuonome IT (R351-LRMS),1
Bottle Domains Inc.,1
"ROBERT E. LEE 888, LLC",1
"Domainclub.com, LLC (R1761-LROR)",1
Paragon Internet Group Ltd t/a Paragon Names (R722-LRMS),1
Instra Corporation Pty Ltd. (R2381-PRO),1
Domaincapitan.com LLC (R1493-LROR),1
Domainhysteria.com LLC (R1497-LROR),1
Paragon Internet Group,1
"NAME112, INC.",1
DROPCATCH.COM 502 LLC,1
Ilait AB (R1944-LROR),1
DROPCATCH.COM 683 LLC,1
"URL Solutions, Inc. (R580-LRMS)",1
"ANNULET, INC",1
DROPCATCH.COM 505 LLC,1
DomainInfo AB,1
"NAME116, INC.",1
"PHEENIX 100, LLC",1
NAMEPAL.COM #8004,1
Register.ca Inc. (R1704-LROR),1
DOTMEDIA LIMITED,1
Domaingazelle.com LLC (R419-LRMS),1
10Dencehispahard SL,1
DROPCATCH.COM 599 LLC,1
Beartrapdomains.com LLC (R1482-LROR),1
DROPCATCH.COM 447 LLC,1
DROPCATCH.COM 838 LLC,1
"ENOM661, INC.",1
Inic GmbH (R1274-LROR),1
Namebay,1
"WILLIAM THE CONQUEROR, LLC",1
Visesh Infotecnics Ltd,1
DROPCATCH.COM 1036 LLC,1
DROPCATCH.COM 588 LLC,1
1 API GmbH,1
Rethem Hosting LLC (R1973-LROR),1
rucenter-msk-fir,1
Nominalia Internet S.L. (76),1
Melbourne IT LTD,1
"Net-Chinese Co., Ltd. (1336)",1
NEUDOMAIN LLC,1
"NAME PERFECTIONS, INC.",1
"PROFILE BUILDER, LLC.",1
NAMEPAL.COM #8024,1
AllGlobalNames,1
DROPCATCH.COM 346 LLC,1
NAMEBAY SAM (88),1
"DWIGHT D. EISENHOWER, LLC",1
"DEPARTMENT-OF-DOMAINS, LLC",1
ONLINE DATA SERVICES JOINT STOCK COMPANY,1
NameWeb BVBA (R1836-LROR),1
"NIUEDOMAINS, LLC",1
LCN.COM Ltd. (R308-LRMS),1
NICCO LTD.,1
OVH sas (R3234-AGRS),1
"POSTALDOMAINS, INCORPORATED",1
"DOMAINSNAP, LLC",1
Deschutesdomains.com LLC (R1489-LROR),1
"22net, Inc.",1
Internet Domain Services BS Corp (2487),1
"NAME SHARE, INC",1
Secura GmbH (R74-LROR),1
Mesh Digital Limited R150-ASIA (1390),1
Atomicdomainnames.com LLC (R403-LRMS),1
Domain The Net Technologies Ltd. (R116-LROR),1
Adomainofyourown.com LLC (R1479-LROR),1
April Sea Information Technology Corporation (R1913-LROR),1
"HANNIBAL BARCA, LLC",1
NAMESHIELD  S.A.S.,1
RESERVED-INTERNET ASSIGNED NUMBERS AUTHORITY,1
DROPCATCH.COM 630 LLC,1
DROPCATCH.COM 637 LLC,1
Mijn InternetOplossing B.V.,1
"TROPIC MANAGEMENT SYSTEMS, INC.",1
Sibername Internet and Software Technologies Inc.,1
"10DENCEHISPAHARD, S.L.",1
DROPCATCH.COM 436 LLC,1
RESELLERSRS INC.,1
KuwaitNET General Trading Co. (R1351-LROR),1
Domainamania.com LLC (R1490-LROR),1
DROPCATCH.COM 952 LLC,1
DROPCATCH.COM 471 LLC,1
DOMAINLADDER LLC,1
"A TECHNOLOGY COMPANY, INC.",1
"Cronon AG Berlin, Niederlassung Regensburg (141)",1
DROPCATCH.COM 1011 LLC,1
Blacknight Internet Solutions Ltd,1
Net 4 India Limited (R366-LRMS),1
Genious Communications SARL/AU,1
Ascio Technologies Inc. Danmark - Filial af Ascio Technologies Inc. USA,1
"Register4Less, Inc. (R1788-LROR)",1
"Go Australia Domains, LLC (R3255-AGRS)",1
"NAME115, INC",1
"NAMESOURCEDOMAINS, LLC",1
Nhan Hoa Software Company Ltd. (R706-LRMS),1
"ALICES REGISTRY, INC.",1
DROPCATCH.COM 626 LLC,1
"DOMAIN ALA CARTE, LLC",1
NETIM,1
"MAGNATE DOMAINS, LLC",1
"SUN TZU 888, LLC",1
DROPCATCH.COM 399 LLC,1
"NAMEWHITE.COM, INC",1
"DOMAIN ORIGINAL, LLC",1
"WHT CO., LTD",1
"TUVALUDOMAINS, LLC",1
DROPCATCH.COM 981 LLC,1
"Domain-It!, Inc. (R157-LROR)",1
DROPCATCH.COM 647 LLC,1
Az.pl R173-ASIA (1006),1
ENOM429 INCORPORATED,1
ENOM427 INCORPORATED,1
DYNADOT10 LLC,1
"Wild West Domains, Inc.",1
IP TWINS SAS,1
DROPCATCH.COM 409 LLC,1
Server Plan Srl Unipersonale,1
Easyspace LTD,1
"ENCIRCA, INC",1
Netdorm Inc.,1
Blacknight Internet Solutions Ltd.,1
DROPCATCH.COM 629 LLC,1
"Ascio Technologies, Inc. - Denmark (106)",1
Safenames Ltd. (R130-LROR),1
Realtime Register B.V. (R2430-PRO),1
"ASCIO TECHNOLOGIES, INC. DANMARK &NDASH; FILIAL AF ASCIO TECHNOLOGIES, INC. USA",1
Server Plan Srl Unipersonale (R1798-LROR),1
Fabulous.com Pty Ltd. (R284-LRMS),1
PakNIC (Private) Limited (1367),1
"EXTEND NAMES, INC.",1
Internet.bs Corp. R176-ASIA (814),1
"DOMAINS OF ORIGIN, LLC",1
"ADDRESS CREATION, LLC",1
"Web Site Source, Inc. (R578-LRMS)",1
NERD NAMES CORPORATION,1
DROPCATCH.COM 986 LLC,1
DROPCATCH.COM 723 LLC,1
VentraIP Group (Australia) Pty Ltd trading as VentraIP Wholesale (R1929-LROR),1
"THREADSUPPLY.COM, INC.",1
"101domain, Inc (R530-LRMS)",1
"AUTICA DOMAIN SERVICES, INC.",1
DYNADOT12 LLC,1
"TPP Domains Pty Ltd, t/a TPP Internet (R360-LRMS)",1
"AllGlobalNames, S.A. dba Cyberegistro.com (R286-LRMS)",1
DROPCATCH.COM 645 LLC,1
ENOM375 INCORPORATED,1
"DIGGITYDOT, LLC",1
DANDOMAIN A/S,1
"Domain.com, LLC. (886)",1
TLD Registrar Solutions Ltd. R249-ASIA (1564),1
"DomainSite, Inc.",1
DROPCATCH.COM 1032 LLC,1
Realtime Register B.V. R168-ASIA (839),1
Entorno Digital S.A.,1
FABDOMAINS.CA INC.,1
West263 International Ltd,1
Argo Technologies LLC (R607-LRMS),1
Vodien Internet Solutions Pte Ltd R269-ASIA (1912),1
INTERNET NAYANA INC.,1
"Domain Registration Services, Inc. dba dotEarth.com",1
Domaingazelle.com LLC (R1495-LROR),1
DROPCATCH.COM 576 LLC,1
"POWER NAMERS, INC.",1
Vodien Internet Solutions Pte Ltd (R2073-LROR),1
DOMAINGETTER LLC,1
Domain The Net Technologies Ltd. (R206-LRMS),1
DROPCATCH.COM 729 LLC,1
ALPINE DOMAINS INC.,1
Lexsynergy Limited (1466),1
Domain The Net Technologies Ltd.,1
ENOM465 INCORPORATED,1
"Omnis Network, LLC (R181-LRMS)",1
ENOM423 INCORPORATED,1
Instra Corporation Pty Ltd. R114-ASIA (1376),1
Dynadot10 LLC,1
BLASTDOMAINS LLC,1
Synergy Wholesale Pty Ltd (R1929-LROR),1
"DOMAININTERNETNAME, LLC",1
"SAMOANDOMAINS, LLC",1
"pair Networks, Inc.d/b/a pairNIC (R205-LRMS)",1
"Japan Registry Services, Co. Ltd",1
Compuglobalhypermega.com LLC,1
"ENDEAVOURDOMAINS, LLC",1
Encirca Inc.,1
1&1 Internet AG (83),1
"PINK ELEPHANT DOMAINS, LLC",1
Encirca Inc. (R231-LRMS),1
"ENOM650, INC.",1
IP Mirror Pte Ltd dba IP Mirror (890),1
DROPCATCH.COM 939 LLC,1
Regtime Ltd. R140-ASIA (1362),1
Akky una division de NIC Mexico,1
NAMEBAKE LLC,1
"DOMAINBUSINESSNAMES, LLC",1
DROPCATCH.COM 531 LLC,1
DROPCATCH.COM 592 LLC,1
NAMEPAL.COM #8022.,1
DNC Holdings INC,1
Allworldnames.com LLC,1
"OnlineNIC, Inc. R93-ASIA (82)",1
"DomainPeople, Inc. (R128-LRMS)",1
DROPCATCH.COM 968 LLC,1
"24X7DOMAINS, LLC",1
"Domain Registration Services, Inc. dba dotEarth.com (R32-LROR)",1
PRONAMED LLC,1
"DOMAINNAME BLVD, INC.",1
CONDOMAINIUM.COM INC.,1
ANNULET LLC,1
DROPCATCH.COM 747 LLC,1
Kheweul.com SA,1
DROPCATCH.COM 921 LLC,1
Betterthanaveragedomains.com LLC,1
ENOMEU INC.,1
CV. Rumahweb Indonesia (R700-LRMS),1
"Go Montenegro Domains, LLC (R424-LRMS)",1
Net 4 India Ltd. R59-ASIA (1007),1
"Xiamen Nawang Technology Co., Ltd (R1987-LROR)",1
"Enameco, LLC",1
"INTERNET INVEST, LTD.",1
ZNet Technologies Pvt Ltd,1
"DOMAINEVENT.CA, INC.",1
DOMUS ENTERPRISES LLC DBA DOMUS,1
NAMEPAL.COM #8006,1
DOTNAMED LLC,1
"PSI-USA, DOMAINROBOT",1
DROPCATCH.COM 825 LLC,1
GLAMDOMAINS LLC,1
THE REGISTRY AT INFO AVENUE,1
DomainRegistry.com Inc. (R33-LROR),1
"Go China Domains, LLC",1
Web4Africa Inc,1
TLDS L.L.C. d/b/a SRSPlus (R186-LRMS),1
"ALLGLOBALNAMES, S.A. DBA CYBEREGISTRO.COM",1
"CYANDOMAINS, INC.",1
DOMAINUTOPIA.CA INC.,1
DomainsAtCost Corporation,1
"EASY STREET DOMAINS, LLC",1
101Domain-Inc ltd,1
Mat Bao Trading & Service Company Limited d/b/a Mat Bao,1
ASCIO TECHNOLOGIES INC.,1
NEEN SRL,1
regru-msk-fir,1
SWEDISH DOMAINS AB,1
Ligne Web Services SARL dba LWS,1
Domaincapitan.com LLC (R417-LRMS),1
"Xiamen ChinaSource Internet Service Co., Ltd",1
QuantumPages Technologies Pvt. Ltd. d/b/a OwnRegistrar.com,1
DROPCATCH.COM 607 LLC,1
"SAMJUNG DATA SERVICE CO., LTD.",1
GREENZONEDOMAINS INC.,1
"WILDZEBRADOMAINS, LLC",1
TPP Wholesale Pty Ltd.,1
JUNGBONET CO LTD,1
Rethem Hosting LLC,1
DROPCATCH.COM 619 LLC,1
BDL SYSTEMES SAS DBA PRODOMAINES,1
Genious Communications SARL/AU (R1904-LROR),1
THIRDROUNDNAMES LLC,1
WEB4AFRICA INC.,1
DROPCATCH.COM 429 LLC,1
"Register.com, Inc",1
DROPCATCH.COM 510 LLC,1
DROPCATCH.COM 517 LLC,1
"DEEP DIVE DOMAINS, LLC",1
Adomainofyourown.com LLC,1
Networking4all B.V. (R1869-LROR),1
DROPCATCH.COM 696 LLC,1
GABIA INC.,1
"SOFTLAYER TECHNOLOGIES, INC",1
Variomedia AG dba puredomain.com (R498-LRMS),1
"THREADEXCHANGE.COM, INC.",1
Super Registry Inc.,1
"Omnis Network, LLC",1
DROPCATCH.COM 957 LLC,1
ELB Group Inc. (R1365-LROR),1
"Soluciones Corporativas IP, S.L.",1
enomEU Incorporated (R1581-LROR),1
Ledl.net GmbH,1
Hello Internet Corp.,1
SPOT DOMAIN LLC,1
DROPCATCH.COM 577 LLC,1
"LIONSHARE DOMAINS, LLC",1
Instra Corporation Pty Ltd. (R3219-AGRS),1
BOTTLE DOMAINS INC.,1
Briarwood Technologies Inc. (R1885-LROR),1
FBS Inc. (R2460-PRO),1
"Blisternet, Inc. (R1592-LROR)",1
DROPCATCH.COM 906 LLC,1
DYNADOT9 LLC,1
"ALFENA, LLC",1
"Megazone Corp., dba HOSTING.KR (R597-LRMS)",1
"DOMAIN MANTRA, INC",1
HiChina Zhicheng Technology Limited R48-ASIA (420),1
IP Mirror PTE LTD (R304-LRMS),1
CV. Rumahweb Indonesia R274-ASIA (1675),1
Foshan YiDong Network,1
DROPCATCH.COM 997 LLC,1
NameSilo,1
IN2NET NETWORK INC.,1
DotAlliance Inc. (R1463-LROR),1
DROPCATCH.COM 574 LLC,1
ENOM381 INCORPORATED,1
VISUALNAMES LLC,1
"eNom623, Inc.",1
united-domains AG (R3242-AGRS),1
DROPCATCH.COM 663 LLC,1
"TRADE STARTER, INC.",1
"Interdominios, Inc.",1
"Instra Corporation Pty, Ltd.",1
Ligne Web Services,1
The Registry at Info Avenue d/b/a Spirit Telecom,1
"Hannibal Barca, LLC",1
Xin Net Technology Corporation (120),1
ENAME PTY LTD.,1
Aerotek Bilisim Taahut Sanayi Ve Ticaret Ltd Sti.,1
Instra Corporation Party Ltd,1
DROPCATCH.COM 644 LLC,1
"Everyones Internet, Ltd. dba resellone.net (R328-LRMS)",1
InterNetworX Ltd & Co. KG (1420),1
"Domaininfo AB, aka domaininfo.com (R105-LRMS)",1
CORE Internet Council of Registrars (R23-LROR),1
"Sssasss, Inc. (R1593-LROR)",1
"Funpeas Media Ventures, LLC dba DomainProcessor.com (R350-LRMS)",1
"Netowl, Inc. (R1897-LROR)",1
DROPCATCH.COM 680 LLC,1
Firstserver Inc. (R283-LRMS),1
Genious Communications SARL/AU (R651-LRMS),1
ipmirror,1
DROPCATCH.COM 546 LLC,1
NAMEPAL.COM #8016,1
Gransy s.r.o d/b/a subreg.cz,1
DROPCATCH.COM 865 LLC,1
DROPCATCH.COM 489 LLC,1
DROPCATCH.COM 382 LLC,1
DOMAININFO AB,1
LCN.COM Ltd.,1
NOTICEDDOMAINS LLC,1
NameScout Corp.,1
GANDI,1
ZNet Technologies Pvt Ltd.,1
"ALETHIA DOMAINS, LLC",1
DROPCATCH.COM 655 LLC,1
"Megazone Corp., dba HOSTING.KR (R1832-LROR)",1
NAMEPAL.COM #8011.,1
