gibraltar,751748
japan,295647
china,214332
united states,109989
india,54782
united kingdom,24955
france,20121
united arab emirates,11793
cayman islands,8912
canada,6494
australia,6244
singapore,4226
hong kong,3350
russian federation,2117
turkey,2000
germany,1600
czech republic,711
ireland,410
panama,341
netherlands,169
lithuania,125
barbados,105
denmark,100
indonesia,91
luxembourg,48
belgium,29
spain,17
ghana,14
sweden,13
vietnam,9
malaysia,9
korea (south),8
ukraine,5
mexico,2
italy,2
united statesv,1
austria,1
south africa,1
switzerland,1
